game_id,game_date,home_team,away_team,event_team,cf,ff,sf,gf,xG,game_strength
2024030416,2025-06-17,FLA,EDM,FLA,52,37,25,5,3.742404050892219,All Situations
2024030416,2025-06-17,FLA,EDM,FLA,50,35,23,3,2.940753854578361,5v5
2024030416,2025-06-17,FLA,EDM,EDM,58,40,29,1,1.39422781416215,All Situations
2024030416,2025-06-17,FLA,EDM,EDM,54,38,27,1,1.283892240608111,5v5
2024030415,2025-06-14,EDM,FLA,EDM,35,22,13,1,0.7019324005814269,5v5
2024030415,2025-06-14,EDM,FLA,FLA,51,35,19,5,2.984522292856127,All Situations
2024030415,2025-06-14,EDM,FLA,EDM,56,37,21,2,2.2184071802766994,All Situations
2024030415,2025-06-14,EDM,FLA,FLA,41,27,15,4,1.8235982353799045,5v5
2024030414,2025-06-12,FLA,EDM,EDM,50,40,24,4,3.126273647416383,5v5
2024030414,2025-06-12,FLA,EDM,EDM,67,53,35,5,4.7266706940717995,All Situations
2024030414,2025-06-12,FLA,EDM,FLA,67,45,29,1,2.727825758047402,5v5
2024030414,2025-06-12,FLA,EDM,FLA,89,61,40,4,4.625458220951259,All Situations
2024030413,2025-06-09,FLA,EDM,FLA,59,42,31,6,3.2575842804508284,All Situations
2024030413,2025-06-09,FLA,EDM,EDM,57,42,33,1,2.1890133091364987,All Situations
2024030413,2025-06-09,FLA,EDM,FLA,27,19,15,3,1.1717985543655232,5v5
2024030413,2025-06-09,FLA,EDM,EDM,37,29,21,0,0.969479734369088,5v5
2024030412,2025-06-06,EDM,FLA,EDM,84,69,46,4,5.5432940676109865,All Situations
2024030412,2025-06-06,EDM,FLA,FLA,94,67,42,5,3.8149387416196987,All Situations
2024030412,2025-06-06,EDM,FLA,FLA,73,51,31,2,2.931963458075188,5v5
2024030412,2025-06-06,EDM,FLA,EDM,61,52,34,1,3.518643419374712,5v5
2024030411,2025-06-04,EDM,FLA,FLA,84,59,32,3,3.7187369394814596,All Situations
2024030411,2025-06-04,EDM,FLA,EDM,89,66,46,4,3.951886852621101,All Situations
2024030411,2025-06-04,EDM,FLA,FLA,79,56,30,2,3.464353045797907,5v5
2024030411,2025-06-04,EDM,FLA,EDM,72,52,37,3,2.547361479024403,5v5
2024030325,2025-05-29,DAL,EDM,DAL,47,30,14,2,2.215085055679083,5v5
2024030325,2025-05-29,DAL,EDM,DAL,55,33,17,3,2.5610233061015606,All Situations
2024030325,2025-05-29,DAL,EDM,EDM,43,32,21,4,2.6699810113059357,5v5
2024030325,2025-05-29,DAL,EDM,EDM,50,36,23,6,3.2867466296302155,All Situations
2024030315,2025-05-28,CAR,FLA,CAR,34,25,15,3,1.2216937618795782,5v5
2024030315,2025-05-28,CAR,FLA,FLA,50,40,22,5,2.715676515363157,All Situations
2024030315,2025-05-28,CAR,FLA,FLA,37,30,18,3,2.049129138700664,5v5
2024030315,2025-05-28,CAR,FLA,CAR,58,45,23,3,2.663525570416823,All Situations
2024030324,2025-05-27,EDM,DAL,DAL,53,42,20,0,2.332540951902047,5v5
2024030324,2025-05-27,EDM,DAL,EDM,45,34,21,0,1.8024116132874042,5v5
2024030324,2025-05-27,EDM,DAL,DAL,71,55,29,1,3.8993811609689146,All Situations
2024030324,2025-05-27,EDM,DAL,EDM,59,47,33,4,3.8717591573949903,All Situations
2024030314,2025-05-26,FLA,CAR,FLA,51,36,20,0,1.5568368936656043,All Situations
2024030314,2025-05-26,FLA,CAR,CAR,60,45,28,3,4.6247973423451185,All Situations
2024030314,2025-05-26,FLA,CAR,CAR,47,36,21,1,2.47007545735687,5v5
2024030314,2025-05-26,FLA,CAR,FLA,30,23,15,0,0.7009019086835906,5v5
2024030323,2025-05-25,EDM,DAL,EDM,53,35,24,6,2.5735864815069363,All Situations
2024030323,2025-05-25,EDM,DAL,EDM,45,28,19,5,1.5459469732595608,5v5
2024030323,2025-05-25,EDM,DAL,DAL,69,46,29,1,3.3180302940309048,5v5
2024030323,2025-05-25,EDM,DAL,DAL,76,52,34,1,3.7106947756838053,All Situations
2024030313,2025-05-24,FLA,CAR,FLA,48,37,23,6,2.7660372853279114,5v5
2024030313,2025-05-24,FLA,CAR,CAR,62,42,25,2,2.236252768198028,All Situations
2024030313,2025-05-24,FLA,CAR,FLA,61,48,28,6,3.664397267624736,All Situations
2024030313,2025-05-24,FLA,CAR,CAR,51,34,18,0,1.6632926969323307,5v5
2024030322,2025-05-23,DAL,EDM,EDM,50,39,25,3,4.756343629676849,All Situations
2024030322,2025-05-23,DAL,EDM,DAL,50,35,20,0,2.144701676326804,5v5
2024030322,2025-05-23,DAL,EDM,EDM,38,29,19,2,2.828339966479689,5v5
2024030322,2025-05-23,DAL,EDM,DAL,65,46,25,0,3.00859193445649,All Situations
2024030312,2025-05-22,CAR,FLA,CAR,46,26,15,0,1.1211541811935604,5v5
2024030312,2025-05-22,CAR,FLA,CAR,53,30,17,0,1.6478954474441707,All Situations
2024030312,2025-05-22,CAR,FLA,FLA,44,29,17,3,2.0169491183478385,5v5
2024030312,2025-05-22,CAR,FLA,FLA,51,33,21,5,2.603935729013756,All Situations
2024030321,2025-05-21,DAL,EDM,DAL,45,31,22,2,1.8490715808002278,5v5
2024030321,2025-05-21,DAL,EDM,EDM,56,39,23,2,2.3139183602761477,5v5
2024030321,2025-05-21,DAL,EDM,EDM,66,46,27,3,3.1702877159696072,All Situations
2024030321,2025-05-21,DAL,EDM,DAL,55,39,28,6,2.879864506307058,All Situations
2024030311,2025-05-20,CAR,FLA,CAR,56,41,23,1,1.8736801641061902,5v5
2024030311,2025-05-20,CAR,FLA,FLA,38,25,17,3,1.3158503798767924,5v5
2024030311,2025-05-20,CAR,FLA,CAR,78,57,33,2,3.4636108512058854,All Situations
2024030311,2025-05-20,CAR,FLA,FLA,46,29,20,5,1.603532119654119,All Situations
2024030217,2025-05-18,TOR,FLA,FLA,91,60,34,6,4.175024113035761,All Situations
2024030217,2025-05-18,TOR,FLA,TOR,55,34,19,1,2.6151562032755464,5v5
2024030217,2025-05-18,TOR,FLA,FLA,85,55,31,5,3.702708037919365,5v5
2024030217,2025-05-18,TOR,FLA,TOR,56,35,20,1,2.6417433691676706,All Situations
2024030236,2025-05-17,DAL,WPG,DAL,74,53,17,1,3.1943902308121324,5v5
2024030236,2025-05-17,DAL,WPG,WPG,52,35,23,1,1.8017181343166158,5v5
2024030236,2025-05-17,DAL,WPG,DAL,80,58,20,2,3.6876162765547633,All Situations
2024030236,2025-05-17,DAL,WPG,WPG,52,35,23,1,1.8017181343166158,All Situations
2024030216,2025-05-16,FLA,TOR,FLA,56,36,17,0,1.4558805007254705,5v5
2024030216,2025-05-16,FLA,TOR,TOR,36,26,13,2,1.7216793758561835,5v5
2024030216,2025-05-16,FLA,TOR,FLA,81,47,22,0,2.615037579438649,All Situations
2024030216,2025-05-16,FLA,TOR,TOR,42,31,17,2,2.18720364139881,All Situations
2024030225,2025-05-15,WSH,CAR,CAR,49,35,18,2,2.8398264122661203,5v5
2024030235,2025-05-15,WPG,DAL,DAL,24,20,13,0,1.1069872248917818,5v5
2024030225,2025-05-15,WSH,CAR,WSH,51,29,17,1,2.293794345110655,5v5
2024030235,2025-05-15,WPG,DAL,WPG,26,21,15,0,1.5529737854376435,5v5
2024030235,2025-05-15,WPG,DAL,DAL,46,35,22,0,2.7265974516049027,All Situations
2024030235,2025-05-15,WPG,DAL,WPG,52,43,35,4,4.398348282556981,All Situations
2024030225,2025-05-15,WSH,CAR,CAR,58,41,22,3,4.306107364362106,All Situations
2024030225,2025-05-15,WSH,CAR,WSH,59,33,19,1,2.864788133651018,All Situations
2024030245,2025-05-14,VGK,EDM,EDM,68,45,32,1,2.9075961695052683,All Situations
2024030215,2025-05-14,TOR,FLA,FLA,76,50,32,6,2.7911668031010777,All Situations
2024030215,2025-05-14,TOR,FLA,TOR,53,44,32,1,2.4739261438371614,All Situations
2024030245,2025-05-14,VGK,EDM,VGK,60,40,23,0,1.6997415130026639,5v5
2024030245,2025-05-14,VGK,EDM,VGK,64,41,24,0,1.8065904160030186,All Situations
2024030215,2025-05-14,TOR,FLA,TOR,44,35,26,1,1.8832668001996353,5v5
2024030215,2025-05-14,TOR,FLA,FLA,66,41,27,5,1.9830225210171193,5v5
2024030245,2025-05-14,VGK,EDM,EDM,59,40,28,1,2.516149973962456,5v5
2024030234,2025-05-13,DAL,WPG,WPG,54,39,26,1,2.172499514534138,5v5
2024030234,2025-05-13,DAL,WPG,DAL,36,28,20,1,2.07139756338438,5v5
2024030234,2025-05-13,DAL,WPG,WPG,73,53,32,1,3.4127222386887297,All Situations
2024030234,2025-05-13,DAL,WPG,DAL,45,34,24,3,2.9761124010547064,All Situations
2024030244,2025-05-12,EDM,VGK,EDM,59,42,28,3,2.70641806605272,5v5
2024030244,2025-05-12,EDM,VGK,VGK,41,24,17,0,1.411383269354701,5v5
2024030224,2025-05-12,CAR,WSH,WSH,42,31,16,1,1.9457833614433184,5v5
2024030224,2025-05-12,CAR,WSH,WSH,54,39,21,2,2.4541198789374903,All Situations
2024030224,2025-05-12,CAR,WSH,CAR,55,38,29,4,1.6156033063307405,5v5
2024030224,2025-05-12,CAR,WSH,CAR,73,49,38,5,2.415070434100926,All Situations
2024030244,2025-05-12,EDM,VGK,VGK,54,33,23,0,2.220387537032366,All Situations
2024030244,2025-05-12,EDM,VGK,EDM,66,47,32,3,3.2605867634993047,All Situations
2024030214,2025-05-11,FLA,TOR,FLA,76,58,37,2,3.3129628208698705,All Situations
2024030214,2025-05-11,FLA,TOR,TOR,55,43,23,0,3.753221407183446,All Situations
2024030233,2025-05-11,DAL,WPG,DAL,52,37,25,4,2.8505668467842042,5v5
2024030233,2025-05-11,DAL,WPG,WPG,49,36,20,2,1.599026071606204,5v5
2024030233,2025-05-11,DAL,WPG,DAL,61,41,26,5,4.0551273240707815,All Situations
2024030233,2025-05-11,DAL,WPG,WPG,60,45,26,2,2.6053887240123004,All Situations
2024030214,2025-05-11,FLA,TOR,TOR,35,27,16,0,1.0026969384634867,5v5
2024030214,2025-05-11,FLA,TOR,FLA,49,40,25,1,2.154059301246889,5v5
2024030223,2025-05-10,CAR,WSH,CAR,66,39,22,2,1.4374787750421092,5v5
2024030223,2025-05-10,CAR,WSH,WSH,49,34,21,0,2.388406307902187,All Situations
2024030223,2025-05-10,CAR,WSH,CAR,76,48,28,4,2.3006133566377684,All Situations
2024030223,2025-05-10,CAR,WSH,WSH,39,27,17,0,1.7733750892803073,5v5
2024030243,2025-05-10,EDM,VGK,EDM,45,35,17,2,2.0503582762321457,5v5
2024030243,2025-05-10,EDM,VGK,VGK,46,28,21,4,2.00574233639054,5v5
2024030243,2025-05-10,EDM,VGK,EDM,54,39,20,3,2.414766972302459,All Situations
2024030243,2025-05-10,EDM,VGK,VGK,52,33,24,4,2.73535759258084,All Situations
2024030213,2025-05-09,FLA,TOR,TOR,50,36,27,3,1.9418199750361964,5v5
2024030213,2025-05-09,FLA,TOR,FLA,69,50,32,5,3.1369228763505816,5v5
2024030213,2025-05-09,FLA,TOR,FLA,84,60,36,5,3.9741950053721666,All Situations
2024030232,2025-05-09,WPG,DAL,WPG,61,46,25,4,3.453974665608257,All Situations
2024030232,2025-05-09,WPG,DAL,WPG,36,25,11,2,1.1054445491172373,5v5
2024030232,2025-05-09,WPG,DAL,DAL,40,29,17,0,1.7677998854778707,5v5
2024030232,2025-05-09,WPG,DAL,DAL,51,37,21,0,2.2915274924598634,All Situations
2024030213,2025-05-09,FLA,TOR,TOR,55,40,31,4,2.5260629596887156,All Situations
2024030222,2025-05-08,WSH,CAR,CAR,70,38,21,0,2.205001705791801,5v5
2024030222,2025-05-08,WSH,CAR,WSH,40,32,16,1,1.6470795252826065,5v5
2024030242,2025-05-08,VGK,EDM,VGK,86,54,32,4,3.9128465425455943,All Situations
2024030242,2025-05-08,VGK,EDM,EDM,85,58,37,5,3.8728353291517124,All Situations
2024030242,2025-05-08,VGK,EDM,EDM,63,40,25,4,2.2948024490615353,5v5
2024030242,2025-05-08,VGK,EDM,VGK,77,49,28,2,3.3838413540506735,5v5
2024030222,2025-05-08,WSH,CAR,CAR,86,52,28,1,3.975548656191677,All Situations
2024030222,2025-05-08,WSH,CAR,WSH,50,39,21,3,3.174979224568233,All Situations
2024030231,2025-05-07,WPG,DAL,WPG,47,33,22,2,1.8466022097272798,5v5
2024030212,2025-05-07,TOR,FLA,TOR,41,32,20,4,1.860159206087701,All Situations
2024030212,2025-05-07,TOR,FLA,FLA,77,51,28,3,4.381364723667502,All Situations
2024030231,2025-05-07,WPG,DAL,DAL,54,34,24,3,2.718858773529064,All Situations
2024030231,2025-05-07,WPG,DAL,WPG,68,47,31,2,3.1847969189984724,All Situations
2024030231,2025-05-07,WPG,DAL,DAL,52,33,23,2,2.654994445561897,5v5
2024030212,2025-05-07,TOR,FLA,FLA,64,41,25,2,3.508775462862104,5v5
2024030212,2025-05-07,TOR,FLA,TOR,33,27,17,3,1.3674281527055427,5v5
2024030241,2025-05-06,VGK,EDM,VGK,58,40,17,2,2.4819374622311443,All Situations
2024030241,2025-05-06,VGK,EDM,EDM,66,46,28,4,3.3039475311525166,All Situations
2024030221,2025-05-06,WSH,CAR,WSH,34,25,14,1,2.4320814460515976,All Situations
2024030221,2025-05-06,WSH,CAR,CAR,79,51,27,2,3.66428137361072,5v5
2024030221,2025-05-06,WSH,CAR,WSH,25,18,10,1,1.5407905280590057,5v5
2024030241,2025-05-06,VGK,EDM,VGK,41,28,9,1,1.106180734699592,5v5
2024030241,2025-05-06,VGK,EDM,EDM,56,37,22,4,2.5232451665215194,5v5
2024030221,2025-05-06,WSH,CAR,CAR,94,58,33,2,4.226455064257607,All Situations
2024030211,2025-05-05,TOR,FLA,FLA,74,47,29,4,3.1873884743545204,All Situations
2024030211,2025-05-05,TOR,FLA,TOR,56,45,30,5,4.319528168998659,All Situations
2024030211,2025-05-05,TOR,FLA,TOR,33,29,22,5,1.8687065113335848,5v5
2024030211,2025-05-05,TOR,FLA,FLA,59,37,20,2,2.3486751227173954,5v5
2024030157,2025-05-04,WPG,STL,WPG,102,72,47,4,3.6900230530882254,All Situations
2024030157,2025-05-04,WPG,STL,STL,79,54,27,3,2.848555607488379,5v5
2024030157,2025-05-04,WPG,STL,WPG,89,63,40,1,2.686808792524971,5v5
2024030157,2025-05-04,WPG,STL,STL,86,60,29,3,4.27077321219258,All Situations
2024030167,2025-05-03,DAL,COL,COL,46,31,16,0,1.5325707759475335,5v5
2024030167,2025-05-03,DAL,COL,COL,66,48,27,2,3.3294256668305025,All Situations
2024030167,2025-05-03,DAL,COL,DAL,45,32,19,4,3.1358540664659813,All Situations
2024030167,2025-05-03,DAL,COL,DAL,35,23,14,1,1.3611805766122416,5v5
2024030156,2025-05-02,STL,WPG,WPG,62,46,23,2,4.16174101177603,All Situations
2024030156,2025-05-02,STL,WPG,STL,50,39,27,5,2.9581973312888294,All Situations
2024030156,2025-05-02,STL,WPG,WPG,33,23,12,0,2.049630220979452,5v5
2024030156,2025-05-02,STL,WPG,STL,32,26,19,5,1.9880665049422532,5v5
2024030166,2025-05-01,COL,DAL,DAL,49,36,23,3,1.7673456449992955,5v5
2024030116,2025-05-01,OTT,TOR,OTT,44,32,20,2,2.7845320731867105,5v5
2024030186,2025-05-01,EDM,L.A,EDM,54,36,25,4,3.136059500160627,5v5
2024030186,2025-05-01,EDM,L.A,L.A,60,34,18,3,2.2367978977272287,5v5
2024030166,2025-05-01,COL,DAL,COL,76,63,42,5,4.234801902202889,5v5
2024030176,2025-05-01,MIN,VGK,VGK,50,36,24,3,2.7362675266340375,All Situations
2024030176,2025-05-01,MIN,VGK,MIN,74,46,31,2,3.304278269642964,All Situations
2024030176,2025-05-01,MIN,VGK,VGK,34,23,15,2,1.3505607461556792,5v5
2024030176,2025-05-01,MIN,VGK,MIN,55,36,24,2,2.6581024469342083,5v5
2024030186,2025-05-01,EDM,L.A,L.A,77,47,27,4,3.9978187443921342,All Situations
2024030186,2025-05-01,EDM,L.A,EDM,62,43,29,6,5.113163368660025,All Situations
2024030166,2025-05-01,COL,DAL,DAL,55,40,26,4,2.2475236360915005,All Situations
2024030166,2025-05-01,COL,DAL,COL,87,70,48,7,5.699752243934199,All Situations
2024030116,2025-05-01,OTT,TOR,TOR,45,35,19,2,2.2302892208099365,5v5
2024030116,2025-05-01,OTT,TOR,TOR,51,40,23,4,3.444256264716387,All Situations
2024030116,2025-05-01,OTT,TOR,OTT,51,35,23,2,3.0530272603500634,All Situations
2024030125,2025-04-30,T.B,FLA,FLA,40,28,23,4,1.615958614158444,5v5
2024030155,2025-04-30,WPG,STL,WPG,58,39,23,4,2.570612319279462,5v5
2024030155,2025-04-30,WPG,STL,WPG,63,44,26,5,3.8872661371715367,All Situations
2024030155,2025-04-30,WPG,STL,STL,51,37,19,3,3.1104347282089293,All Situations
2024030125,2025-04-30,T.B,FLA,T.B,46,32,23,2,2.0924228471703827,5v5
2024030135,2025-04-30,WSH,MTL,MTL,55,34,21,1,2.7191166132688522,5v5
2024030155,2025-04-30,WPG,STL,STL,46,34,17,3,2.6682038181461394,5v5
2024030135,2025-04-30,WSH,MTL,WSH,43,37,25,1,2.2009320496581495,5v5
2024030135,2025-04-30,WSH,MTL,WSH,53,44,28,4,3.810993494000286,All Situations
2024030135,2025-04-30,WSH,MTL,MTL,71,47,29,1,4.2896391320973635,All Situations
2024030125,2025-04-30,T.B,FLA,T.B,58,39,29,3,2.390840456355363,All Situations
2024030125,2025-04-30,T.B,FLA,FLA,57,38,31,6,2.939708689809777,All Situations
2024030185,2025-04-29,L.A,EDM,L.A,51,36,22,1,2.0497934555169195,All Situations
2024030145,2025-04-29,CAR,N.J,N.J,51,41,35,4,2.3732428594958037,All Situations
2024030145,2025-04-29,CAR,N.J,CAR,82,65,37,3,3.1525177534203976,5v5
2024030175,2025-04-29,VGK,MIN,VGK,78,51,32,3,2.8386503721703775,All Situations
2024030115,2025-04-29,TOR,OTT,OTT,39,21,15,1,1.3946868132334203,5v5
2024030115,2025-04-29,TOR,OTT,TOR,47,32,19,0,1.6149569766130298,5v5
2024030175,2025-04-29,VGK,MIN,MIN,56,37,22,2,2.3913056447636336,All Situations
2024030115,2025-04-29,TOR,OTT,TOR,62,43,29,0,2.839274841127917,All Situations
2024030115,2025-04-29,TOR,OTT,OTT,46,27,19,4,3.7322869698982686,All Situations
2024030145,2025-04-29,CAR,N.J,CAR,113,86,54,5,4.66182275232859,All Situations
2024030185,2025-04-29,L.A,EDM,EDM,78,63,46,3,5.90517727076076,All Situations
2024030145,2025-04-29,CAR,N.J,N.J,44,34,29,4,1.857229047222063,5v5
2024030185,2025-04-29,L.A,EDM,EDM,61,50,36,2,3.688749303808436,5v5
2024030175,2025-04-29,VGK,MIN,MIN,43,26,18,1,1.3464774328749627,5v5
2024030175,2025-04-29,VGK,MIN,VGK,65,40,25,2,1.8669296673615463,5v5
2024030185,2025-04-29,L.A,EDM,L.A,40,30,17,0,1.1988059466239065,5v5
2024030124,2025-04-28,FLA,T.B,FLA,67,46,23,4,3.1816117002163082,All Situations
2024030124,2025-04-28,FLA,T.B,T.B,49,38,20,2,1.8517675704788417,All Situations
2024030165,2025-04-28,DAL,COL,COL,58,38,20,2,3.14382684789598,5v5
2024030165,2025-04-28,DAL,COL,COL,71,48,28,2,4.227220146916807,All Situations
2024030165,2025-04-28,DAL,COL,DAL,65,47,27,6,6.229397726012394,All Situations
2024030124,2025-04-28,FLA,T.B,FLA,56,40,21,3,1.4441450426820666,5v5
2024030124,2025-04-28,FLA,T.B,T.B,38,31,18,2,1.4086146100889891,5v5
2024030165,2025-04-28,DAL,COL,DAL,39,29,15,4,2.2954754556994885,5v5
2024030154,2025-04-27,STL,WPG,WPG,67,46,31,1,1.7499720614869148,All Situations
2024030154,2025-04-27,STL,WPG,STL,45,33,24,5,2.4792544269002974,All Situations
2024030144,2025-04-27,N.J,CAR,N.J,50,35,20,2,1.6456051751738414,5v5
2024030184,2025-04-27,EDM,L.A,L.A,64,51,34,3,2.6133200018666685,5v5
2024030184,2025-04-27,EDM,L.A,L.A,74,60,41,3,3.0712586930021644,All Situations
2024030184,2025-04-27,EDM,L.A,EDM,113,79,48,4,5.190959001658484,All Situations
2024030154,2025-04-27,STL,WPG,STL,40,30,22,5,2.218870280776173,5v5
2024030144,2025-04-27,N.J,CAR,N.J,56,38,22,2,1.9513291403418407,All Situations
2024030144,2025-04-27,N.J,CAR,CAR,71,48,29,5,3.584227240877226,All Situations
2024030134,2025-04-27,MTL,WSH,WSH,57,42,26,5,4.6264491903129965,All Situations
2024030134,2025-04-27,MTL,WSH,MTL,47,33,18,2,1.8774720164947212,All Situations
2024030154,2025-04-27,STL,WPG,WPG,55,37,25,1,1.151028822408989,5v5
2024030184,2025-04-27,EDM,L.A,EDM,96,67,39,1,3.2737119391094893,5v5
2024030134,2025-04-27,MTL,WSH,WSH,43,30,16,3,1.8603410206269473,5v5
2024030144,2025-04-27,N.J,CAR,CAR,64,41,22,3,2.0609703410882503,5v5
2024030134,2025-04-27,MTL,WSH,MTL,36,25,12,0,1.130647795740515,5v5
2024030164,2025-04-26,COL,DAL,DAL,54,37,23,0,2.291135014500469,All Situations
2024030123,2025-04-26,FLA,T.B,T.B,30,19,13,3,1.8340533562004566,5v5
2024030123,2025-04-26,FLA,T.B,T.B,50,31,22,5,3.717089510522783,All Situations
2024030174,2025-04-26,MIN,VGK,VGK,79,58,37,2,3.876720703789033,5v5
2024030164,2025-04-26,COL,DAL,COL,93,68,48,4,5.335799887427129,All Situations
2024030123,2025-04-26,FLA,T.B,FLA,71,44,34,1,3.838559643481858,All Situations
2024030174,2025-04-26,MIN,VGK,MIN,71,44,32,3,3.222447498003021,All Situations
2024030174,2025-04-26,MIN,VGK,VGK,91,68,46,4,4.77301803661976,All Situations
2024030114,2025-04-26,OTT,TOR,TOR,71,54,34,3,3.519069137983024,All Situations
2024030164,2025-04-26,COL,DAL,DAL,38,24,16,0,1.167212713509798,5v5
2024030114,2025-04-26,OTT,TOR,OTT,75,47,21,4,2.0001707426272333,All Situations
2024030174,2025-04-26,MIN,VGK,MIN,62,38,29,3,2.6516993299592286,5v5
2024030114,2025-04-26,OTT,TOR,OTT,71,44,18,2,1.7283076322637498,5v5
2024030114,2025-04-26,OTT,TOR,TOR,54,40,24,3,1.9375746501609683,5v5
2024030123,2025-04-26,FLA,T.B,FLA,50,29,24,1,2.43863329582382,5v5
2024030164,2025-04-26,COL,DAL,COL,87,62,44,2,4.657670221873559,5v5
2024030133,2025-04-25,MTL,WSH,MTL,81,61,40,6,4.340441697509959,All Situations
2024030133,2025-04-25,MTL,WSH,MTL,64,47,31,4,2.758717918070033,5v5
2024030133,2025-04-25,MTL,WSH,WSH,45,32,21,3,2.271311871474609,All Situations
2024030143,2025-04-25,N.J,CAR,CAR,70,38,21,0,1.8035819970536977,5v5
2024030183,2025-04-25,EDM,L.A,L.A,45,32,21,1,2.0519470962462947,5v5
2024030143,2025-04-25,N.J,CAR,N.J,67,54,32,3,4.2774874459719285,5v5
2024030133,2025-04-25,MTL,WSH,WSH,36,24,16,3,1.3753170899581164,5v5
2024030183,2025-04-25,EDM,L.A,L.A,55,40,28,4,2.745299387606792,All Situations
2024030183,2025-04-25,EDM,L.A,EDM,84,54,37,7,4.62074443732854,All Situations
2024030183,2025-04-25,EDM,L.A,EDM,76,48,31,3,2.3083338070428,5v5
2024030143,2025-04-25,N.J,CAR,CAR,84,49,27,2,3.377594873541966,All Situations
2024030143,2025-04-25,N.J,CAR,N.J,79,60,37,3,4.805456767207943,All Situations
2024030173,2025-04-24,MIN,VGK,MIN,49,39,31,5,3.0940024328883737,All Situations
2024030173,2025-04-24,MIN,VGK,VGK,75,49,32,2,3.1192256356589496,All Situations
2024030122,2025-04-24,T.B,FLA,FLA,28,23,18,1,0.899339214200154,5v5
2024030153,2025-04-24,STL,WPG,WPG,52,41,19,2,1.9286755854263902,All Situations
2024030113,2025-04-24,OTT,TOR,TOR,50,33,20,3,2.2586684927809983,All Situations
2024030113,2025-04-24,OTT,TOR,OTT,58,41,20,2,2.6121057881973684,All Situations
2024030173,2025-04-24,MIN,VGK,VGK,56,34,19,0,1.9241643431596458,5v5
2024030173,2025-04-24,MIN,VGK,MIN,28,22,18,2,0.8257541391067207,5v5
2024030153,2025-04-24,STL,WPG,STL,62,43,28,7,2.5402927910909057,All Situations
2024030113,2025-04-24,OTT,TOR,OTT,44,29,13,1,1.8543205969035625,5v5
2024030153,2025-04-24,STL,WPG,STL,47,31,20,4,1.2939906185492873,5v5
2024030153,2025-04-24,STL,WPG,WPG,34,26,9,1,0.9979245490394533,5v5
2024030113,2025-04-24,OTT,TOR,TOR,41,28,18,2,1.5302487418521196,5v5
2024030122,2025-04-24,T.B,FLA,T.B,47,28,14,0,1.3880423282971606,5v5
2024030122,2025-04-24,T.B,FLA,T.B,61,39,19,0,2.2089781634276733,All Situations
2024030122,2025-04-24,T.B,FLA,FLA,40,33,23,2,3.1678606488276273,All Situations
2024030163,2025-04-23,COL,DAL,DAL,57,39,28,2,2.9954604853410274,All Situations
2024030182,2025-04-23,L.A,EDM,L.A,42,28,18,3,1.2176968783605844,5v5
2024030163,2025-04-23,COL,DAL,COL,70,47,28,1,3.677206547872629,All Situations
2024030163,2025-04-23,COL,DAL,DAL,45,30,21,1,1.9241218867246062,5v5
2024030163,2025-04-23,COL,DAL,COL,55,33,19,0,2.2797850928618573,5v5
2024030132,2025-04-23,WSH,MTL,WSH,62,49,32,3,3.606031709816307,All Situations
2024030132,2025-04-23,WSH,MTL,MTL,72,47,26,1,3.054724167333916,All Situations
2024030182,2025-04-23,L.A,EDM,EDM,40,31,20,2,1.0894709116546437,5v5
2024030132,2025-04-23,WSH,MTL,MTL,63,42,24,1,2.31595281814225,5v5
2024030182,2025-04-23,L.A,EDM,L.A,61,46,31,6,3.077784463064745,All Situations
2024030182,2025-04-23,L.A,EDM,EDM,50,38,26,2,1.596287194523029,All Situations
2024030132,2025-04-23,WSH,MTL,WSH,55,43,28,2,2.4136886743362993,5v5
2024030121,2025-04-22,T.B,FLA,FLA,31,23,14,3,1.6306133000180125,5v5
2024030112,2025-04-22,TOR,OTT,TOR,43,37,21,3,1.822660663165152,All Situations
2024030112,2025-04-22,TOR,OTT,OTT,75,43,28,2,2.6627284011337906,All Situations
2024030121,2025-04-22,T.B,FLA,T.B,60,41,22,2,1.9634381339419633,All Situations
2024030172,2025-04-22,VGK,MIN,VGK,89,55,32,2,2.9042559743393213,All Situations
2024030142,2025-04-22,CAR,N.J,CAR,55,46,23,1,3.267349017551169,5v5
2024030142,2025-04-22,CAR,N.J,N.J,46,33,18,1,2.176405396545306,5v5
2024030112,2025-04-22,TOR,OTT,TOR,41,36,20,2,1.743104406632483,5v5
2024030121,2025-04-22,T.B,FLA,T.B,50,37,18,1,1.3986412950325757,5v5
2024030172,2025-04-22,VGK,MIN,MIN,48,33,16,4,2.2992653161054477,5v5
2024030142,2025-04-22,CAR,N.J,CAR,69,58,28,3,5.3388125950004905,All Situations
2024030142,2025-04-22,CAR,N.J,N.J,60,44,26,1,4.039284955943003,All Situations
2024030172,2025-04-22,VGK,MIN,VGK,85,54,31,2,2.683856147574261,5v5
2024030121,2025-04-22,T.B,FLA,FLA,35,27,17,6,2.041158660314977,All Situations
2024030112,2025-04-22,TOR,OTT,OTT,63,32,19,1,1.5509334860835224,5v5
2024030172,2025-04-22,VGK,MIN,MIN,52,35,17,5,2.889142370200716,All Situations
2024030162,2025-04-21,DAL,COL,DAL,80,60,39,4,4.369424506323412,All Situations
2024030162,2025-04-21,DAL,COL,COL,75,53,37,3,2.5393431413685903,All Situations
2024030131,2025-04-21,WSH,MTL,WSH,54,41,28,2,3.8273940137587488,5v5
2024030162,2025-04-21,DAL,COL,DAL,71,51,33,3,3.4487741210032254,5v5
2024030162,2025-04-21,DAL,COL,COL,63,43,31,2,1.6587816992541775,5v5
2024030131,2025-04-21,WSH,MTL,WSH,61,45,32,3,4.195522566791624,All Situations
2024030152,2025-04-21,WPG,STL,WPG,31,26,17,2,2.1017734893830493,5v5
2024030181,2025-04-21,L.A,EDM,L.A,62,48,30,6,4.437461730092764,All Situations
2024030131,2025-04-21,WSH,MTL,MTL,72,52,35,2,3.0548374445643276,All Situations
2024030152,2025-04-21,WPG,STL,WPG,44,38,22,2,2.852584734908305,All Situations
2024030152,2025-04-21,WPG,STL,STL,40,29,13,0,1.203810675884597,5v5
2024030131,2025-04-21,WSH,MTL,MTL,62,44,29,1,2.3993997236248106,5v5
2024030181,2025-04-21,L.A,EDM,EDM,60,43,25,5,2.8915342099498957,All Situations
2024030181,2025-04-21,L.A,EDM,L.A,40,31,21,4,1.6427240371704102,5v5
2024030181,2025-04-21,L.A,EDM,EDM,47,34,18,3,2.0822357952129096,5v5
2024030152,2025-04-21,WPG,STL,STL,55,41,22,1,1.9832684885477647,All Situations
2024030141,2025-04-20,CAR,N.J,N.J,59,42,24,1,1.8261440340429544,All Situations
2024030111,2025-04-20,TOR,OTT,TOR,36,25,13,3,1.308936768444255,5v5
2024030111,2025-04-20,TOR,OTT,OTT,64,46,27,1,2.1038413604255766,5v5
2024030171,2025-04-20,VGK,MIN,MIN,70,43,20,2,2.3073644175892696,All Situations
2024030141,2025-04-20,CAR,N.J,CAR,79,65,45,4,4.8679009531624615,All Situations
2024030171,2025-04-20,VGK,MIN,VGK,66,48,27,4,3.1101914539467543,All Situations
2024030171,2025-04-20,VGK,MIN,VGK,63,45,24,2,2.413220575777814,5v5
2024030171,2025-04-20,VGK,MIN,MIN,67,42,20,2,2.2799120269482955,5v5
2024030141,2025-04-20,CAR,N.J,CAR,62,48,31,2,2.6499096998013556,5v5
2024030111,2025-04-20,TOR,OTT,OTT,73,54,33,2,3.1508384083863348,All Situations
2024030141,2025-04-20,CAR,N.J,N.J,54,38,21,0,1.5163817219436169,5v5
2024030111,2025-04-20,TOR,OTT,TOR,52,37,24,6,3.2598617982584983,All Situations
2024030151,2025-04-19,WPG,STL,WPG,64,44,26,5,3.5943204996874556,All Situations
2024030151,2025-04-19,WPG,STL,STL,35,21,17,3,1.1589623882900923,All Situations
2024030161,2025-04-19,DAL,COL,DAL,52,36,24,1,3.381015436258167,All Situations
2024030161,2025-04-19,DAL,COL,COL,58,35,18,3,2.295798748731613,5v5
2024030151,2025-04-19,WPG,STL,STL,30,18,14,1,0.9839976809453219,5v5
2024030151,2025-04-19,WPG,STL,WPG,51,34,22,3,1.3457800032338127,5v5
2024030161,2025-04-19,DAL,COL,COL,69,44,25,5,3.84897830337286,All Situations
2024030161,2025-04-19,DAL,COL,DAL,36,22,13,0,1.7730120881460607,5v5
2024021294,2025-04-15,T.B,FLA,FLA,44,36,24,1,1.7803757011424737,All Situations
2024021294,2025-04-15,T.B,FLA,FLA,35,28,20,1,1.3578936241101462,5v5
2024021294,2025-04-15,T.B,FLA,T.B,44,35,21,3,2.4285529869375737,5v5
2024021294,2025-04-15,T.B,FLA,T.B,61,48,31,5,3.536090614157727,All Situations
2024021289,2025-04-14,EDM,L.A,L.A,41,35,22,3,2.0872831516899155,5v5
2024021289,2025-04-14,EDM,L.A,L.A,71,55,36,5,4.114563908427951,All Situations
2024021289,2025-04-14,EDM,L.A,EDM,44,32,21,0,1.685215903911738,All Situations
2024021289,2025-04-14,EDM,L.A,EDM,29,20,12,0,0.8038718798197797,5v5
2024021252,2025-04-10,WSH,CAR,CAR,84,62,34,4,3.969250006717627,All Situations
2024021255,2025-04-10,DAL,WPG,WPG,54,41,30,4,2.8911682208999974,5v5
2024021255,2025-04-10,DAL,WPG,DAL,56,40,22,0,2.025938727660103,5v5
2024021252,2025-04-10,WSH,CAR,WSH,49,38,23,2,3.31986557797063,5v5
2024021252,2025-04-10,WSH,CAR,CAR,70,50,26,3,2.282538028550332,5v5
2024021255,2025-04-10,DAL,WPG,WPG,60,47,35,4,3.4322329997085013,All Situations
2024021255,2025-04-10,DAL,WPG,DAL,59,43,25,0,2.5683473579119873,All Situations
2024021252,2025-04-10,WSH,CAR,WSH,56,43,28,4,4.010354244266635,All Situations
2024021237,2025-04-08,FLA,TOR,TOR,31,20,16,1,0.842565736966207,5v5
2024021237,2025-04-08,FLA,TOR,FLA,63,45,32,2,2.153781384229658,5v5
2024021237,2025-04-08,FLA,TOR,FLA,73,52,37,3,3.760803364217279,All Situations
2024021237,2025-04-08,FLA,TOR,TOR,36,24,18,1,1.1127380568068466,All Situations
2024021231,2025-04-07,WPG,STL,STL,40,21,15,1,1.2605207241140297,All Situations
2024021231,2025-04-07,WPG,STL,WPG,64,43,26,3,4.547130758408455,All Situations
2024021231,2025-04-07,WPG,STL,STL,30,16,12,1,0.8756640306673937,5v5
2024021231,2025-04-07,WPG,STL,WPG,60,39,23,2,2.812679099384693,5v5
2024021213,2025-04-05,L.A,EDM,EDM,57,42,26,0,1.615880059078334,5v5
2024021213,2025-04-05,L.A,EDM,EDM,59,44,27,0,1.6666894741356353,All Situations
2024021213,2025-04-05,L.A,EDM,L.A,41,31,20,2,1.9136228626593932,5v5
2024021213,2025-04-05,L.A,EDM,L.A,55,43,29,3,3.9427703274413926,All Situations
2024021193,2025-04-02,CAR,WSH,WSH,32,21,13,0,1.5478122381,5v5
2024021194,2025-04-02,TOR,FLA,TOR,41,34,26,3,2.5055693495,All Situations
2024021194,2025-04-02,TOR,FLA,FLA,80,54,31,2,3.8555114369,All Situations
2024021193,2025-04-02,CAR,WSH,CAR,43,32,17,2,2.0446344585,5v5
2024021194,2025-04-02,TOR,FLA,FLA,67,46,27,1,3.0609116839,5v5
2024021194,2025-04-02,TOR,FLA,TOR,39,33,25,3,2.4079124995,5v5
2024021193,2025-04-02,CAR,WSH,CAR,65,50,31,5,3.6919084255,All Situations
2024021193,2025-04-02,CAR,WSH,WSH,46,33,21,1,2.2535531861,All Situations
2024021189,2025-04-01,VGK,EDM,EDM,44,36,20,3,1.9069437176000001,All Situations
2024021189,2025-04-01,VGK,EDM,VGK,51,37,22,2,1.7238295274,All Situations
2024021189,2025-04-01,VGK,EDM,VGK,41,30,17,2,1.2515779128,5v5
2024021189,2025-04-01,VGK,EDM,EDM,39,31,17,2,1.2750068026,5v5
2024021141,2025-03-26,EDM,DAL,EDM,87,64,44,3,5.224299925,All Situations
2024021141,2025-03-26,EDM,DAL,DAL,52,39,24,4,3.2324680072,All Situations
2024021141,2025-03-26,EDM,DAL,EDM,54,37,19,0,2.863782195,5v5
2024021141,2025-03-26,EDM,DAL,DAL,40,29,17,3,1.9150605654,5v5
2024021134,2025-03-25,MIN,VGK,VGK,58,44,38,5,3.73776136224,All Situations
2024021134,2025-03-25,MIN,VGK,MIN,48,36,24,1,2.0616681812,All Situations
2024021134,2025-03-25,MIN,VGK,VGK,55,41,35,3,2.77188102624,5v5
2024021134,2025-03-25,MIN,VGK,MIN,46,35,24,1,1.9511389112,5v5
2024021067,2025-03-16,COL,DAL,COL,60,43,24,2,2.1698959434000002,5v5
2024021067,2025-03-16,COL,DAL,DAL,46,32,21,3,2.7774076111,5v5
2024021067,2025-03-16,COL,DAL,COL,76,57,35,4,4.2496396634,All Situations
2024021067,2025-03-16,COL,DAL,DAL,47,33,22,3,2.8173813611,All Situations
2024021059,2025-03-15,TOR,OTT,OTT,47,35,21,2,1.8284598932,5v5
2024021059,2025-03-15,TOR,OTT,TOR,62,41,23,2,3.0266571686,All Situations
2024021059,2025-03-15,TOR,OTT,OTT,53,40,25,4,3.5880689672,All Situations
2024021059,2025-03-15,TOR,OTT,TOR,49,33,20,2,1.9874744936,5v5
2024021051,2025-03-14,WPG,DAL,DAL,55,39,25,1,1.7877377678,5v5
2024021051,2025-03-14,WPG,DAL,WPG,46,34,20,4,1.9718184496,5v5
2024021051,2025-03-14,WPG,DAL,DAL,57,40,25,1,1.9233927678,All Situations
2024021051,2025-03-14,WPG,DAL,WPG,49,37,22,4,2.2685390196,All Situations
2024021040,2025-03-13,TOR,FLA,FLA,45,32,21,1,1.6079876902,5v5
2024021040,2025-03-13,TOR,FLA,FLA,55,38,25,3,2.3561092761999998,All Situations
2024021040,2025-03-13,TOR,FLA,TOR,52,40,25,2,3.0626082504,All Situations
2024021040,2025-03-13,TOR,FLA,TOR,36,28,21,2,1.9873435704,5v5
2024021011,2025-03-08,EDM,DAL,EDM,50,30,27,5,2.4425957244,5v5
2024021011,2025-03-08,EDM,DAL,DAL,52,34,20,2,1.9483973198,5v5
2024021011,2025-03-08,EDM,DAL,DAL,61,41,25,4,2.8040238188,All Situations
2024021011,2025-03-08,EDM,DAL,EDM,51,31,27,5,2.4425957244,All Situations
2024020969,2025-03-03,FLA,T.B,T.B,44,31,15,1,1.5416060344,5v5
2024020969,2025-03-03,FLA,T.B,FLA,50,40,23,1,1.9412696479,5v5
2024020969,2025-03-03,FLA,T.B,FLA,62,47,29,2,2.7424054979,All Situations
2024020969,2025-03-03,FLA,T.B,T.B,67,50,29,1,3.2704049724,All Situations
2024020903,2025-02-22,STL,WPG,WPG,50,34,28,3,2.0560895419,All Situations
2024020903,2025-02-22,STL,WPG,STL,57,42,24,3,2.9415132031,All Situations
2024020903,2025-02-22,STL,WPG,WPG,39,23,20,2,1.1932087703,5v5
2024020903,2025-02-22,STL,WPG,STL,39,27,16,1,1.5225557561,5v5
2024020780,2025-01-25,OTT,TOR,OTT,47,33,23,2,2.8131492100999997,All Situations
2024020780,2025-01-25,OTT,TOR,TOR,63,45,29,1,2.6270170222,All Situations
2024020780,2025-01-25,OTT,TOR,TOR,59,41,27,1,2.3016486802,5v5
2024020780,2025-01-25,OTT,TOR,OTT,39,27,18,1,2.1331689960999998,5v5
2024020724,2025-01-18,COL,DAL,DAL,65,48,29,3,3.1465183955000002,All Situations
2024020724,2025-01-18,COL,DAL,DAL,47,36,20,1,2.3176057025,5v5
2024020724,2025-01-18,COL,DAL,COL,70,49,31,5,2.9219758698,5v5
2024020724,2025-01-18,COL,DAL,COL,80,55,36,6,3.6508411767999998,All Situations
2024020691,2025-01-13,EDM,L.A,EDM,50,37,26,0,2.2161952564,5v5
2024020691,2025-01-13,EDM,L.A,L.A,59,41,30,0,2.49177866,All Situations
2024020691,2025-01-13,EDM,L.A,L.A,51,36,26,0,1.854936458,5v5
2024020691,2025-01-13,EDM,L.A,EDM,58,44,30,1,3.3048496324,All Situations
2024020688,2025-01-12,VGK,MIN,MIN,38,28,16,1,1.9138360075,All Situations
2024020688,2025-01-12,VGK,MIN,VGK,71,55,37,4,4.162896057,All Situations
2024020688,2025-01-12,VGK,MIN,MIN,30,23,12,1,1.4942600235,5v5
2024020688,2025-01-12,VGK,MIN,VGK,52,39,27,2,2.609040835,5v5
2024020665,2025-01-10,WSH,MTL,WSH,39,27,13,1,1.8774002257,5v5
2024020665,2025-01-10,WSH,MTL,MTL,66,48,30,3,4.316034636,All Situations
2024020665,2025-01-10,WSH,MTL,MTL,46,31,20,1,1.922638406,5v5
2024020665,2025-01-10,WSH,MTL,WSH,49,34,17,2,2.5248656087,All Situations
2024020603,2025-01-02,FLA,CAR,CAR,58,44,36,2,2.0045832228,5v5
2024020603,2025-01-02,FLA,CAR,CAR,66,50,40,3,3.4065468428,All Situations
2024020603,2025-01-02,FLA,CAR,FLA,64,47,26,1,3.3881774851,All Situations
2024020603,2025-01-02,FLA,CAR,FLA,46,37,20,1,2.2293135121,5v5
2024020569,2024-12-28,L.A,EDM,EDM,55,39,27,3,2.4713763597,All Situations
2024020569,2024-12-28,L.A,EDM,L.A,57,45,29,4,2.5522417601,All Situations
2024020573,2024-12-28,CAR,N.J,N.J,47,35,23,2,2.502118459,All Situations
2024020573,2024-12-28,CAR,N.J,CAR,73,60,41,5,5.3089346152,All Situations
2024020573,2024-12-28,CAR,N.J,N.J,37,27,17,2,1.512184137,5v5
2024020573,2024-12-28,CAR,N.J,CAR,54,43,30,3,2.0313040522,5v5
2024020569,2024-12-28,L.A,EDM,L.A,47,37,21,3,1.9810749871,5v5
2024020569,2024-12-28,L.A,EDM,EDM,51,35,23,2,2.1639624437,5v5
2024020560,2024-12-27,N.J,CAR,N.J,46,35,22,4,2.2984448296,5v5
2024020560,2024-12-27,N.J,CAR,CAR,59,45,28,2,2.9558046116,5v5
2024020560,2024-12-27,N.J,CAR,CAR,71,54,31,2,3.6757554186,All Situations
2024020560,2024-12-27,N.J,CAR,N.J,49,38,23,4,2.3358676356,All Situations
2024020549,2024-12-23,FLA,T.B,FLA,51,40,25,0,1.9963233243,5v5
2024020549,2024-12-23,FLA,T.B,T.B,67,47,29,4,3.0243678097,All Situations
2024020549,2024-12-23,FLA,T.B,T.B,51,35,19,1,1.4034818187,5v5
2024020549,2024-12-23,FLA,T.B,FLA,79,59,36,0,3.4782011583,All Situations
2024020540,2024-12-22,T.B,FLA,FLA,40,30,18,0,1.1288204534,5v5
2024020540,2024-12-22,T.B,FLA,FLA,52,39,26,4,2.8223577284,All Situations
2024020540,2024-12-22,T.B,FLA,T.B,34,26,20,2,1.4636911998,5v5
2024020540,2024-12-22,T.B,FLA,T.B,45,29,21,2,1.7022004238,All Situations
2024020524,2024-12-20,WSH,CAR,WSH,32,22,17,3,1.301616765,5v5
2024020524,2024-12-20,WSH,CAR,CAR,56,33,18,1,1.6002715347,5v5
2024020524,2024-12-20,WSH,CAR,CAR,76,49,25,1,3.5315525777,All Situations
2024020524,2024-12-20,WSH,CAR,WSH,45,32,22,3,2.0206996839999998,All Situations
2024020493,2024-12-15,MIN,VGK,VGK,56,37,26,2,1.6298273811000001,5v5
2024020493,2024-12-15,MIN,VGK,MIN,48,33,22,2,2.3336616474,5v5
2024020493,2024-12-15,MIN,VGK,MIN,50,33,22,2,2.3336616474,All Situations
2024020493,2024-12-15,MIN,VGK,VGK,57,38,27,3,1.7270431111,All Situations
2024020477,2024-12-14,EDM,VGK,VGK,73,51,33,2,3.4344169282,5v5
2024020477,2024-12-14,EDM,VGK,EDM,55,43,34,6,3.50570149,All Situations
2024020477,2024-12-14,EDM,VGK,VGK,90,64,42,3,4.9109274542,All Situations
2024020477,2024-12-14,EDM,VGK,EDM,48,37,31,5,2.863358216,5v5
2024020430,2024-12-07,MTL,WSH,MTL,52,35,24,2,2.6108781066,All Situations
2024020430,2024-12-07,MTL,WSH,WSH,73,54,35,4,3.9776118852,All Situations
2024020430,2024-12-07,MTL,WSH,WSH,60,43,29,3,2.9205864222,5v5
2024020430,2024-12-07,MTL,WSH,MTL,42,26,17,2,1.7726373036,5v5
2024020405,2024-12-03,VGK,EDM,EDM,58,38,23,0,2.3676821956,5v5
2024020403,2024-12-03,WPG,STL,STL,39,25,20,1,2.2159406144,5v5
2024020405,2024-12-03,VGK,EDM,VGK,44,28,16,1,1.3886127284,All Situations
2024020405,2024-12-03,VGK,EDM,EDM,66,44,28,0,3.0990118206,All Situations
2024020403,2024-12-03,WPG,STL,WPG,46,34,20,0,1.6298778635,5v5
2024020405,2024-12-03,VGK,EDM,VGK,43,28,16,1,1.3886127284,5v5
2024020403,2024-12-03,WPG,STL,STL,53,39,32,4,4.0588523104,All Situations
2024020403,2024-12-03,WPG,STL,WPG,54,38,23,1,2.0155667725,All Situations
2024020391,2024-12-01,DAL,WPG,WPG,48,35,25,1,1.7173053709,5v5
2024020391,2024-12-01,DAL,WPG,DAL,40,31,20,2,1.7373556608,5v5
2024020391,2024-12-01,DAL,WPG,DAL,63,44,31,3,3.7788663938,All Situations
2024020391,2024-12-01,DAL,WPG,WPG,56,40,27,1,2.3136337369,All Situations
2024020377,2024-11-30,FLA,CAR,CAR,38,25,14,0,1.0767087981,5v5
2024020377,2024-11-30,FLA,CAR,CAR,51,36,20,0,2.0488722426,All Situations
2024020377,2024-11-30,FLA,CAR,FLA,53,43,35,6,3.1856948561,All Situations
2024020377,2024-11-30,FLA,CAR,FLA,43,37,29,3,2.3606758561,5v5
2024020373,2024-11-29,DAL,COL,DAL,36,20,11,2,1.3544941353,5v5
2024020373,2024-11-29,DAL,COL,COL,41,30,21,2,2.2423604455,5v5
2024020367,2024-11-29,CAR,FLA,FLA,43,30,22,3,1.4496074164000001,5v5
2024020367,2024-11-29,CAR,FLA,CAR,49,35,21,2,1.5919136986,5v5
2024020367,2024-11-29,CAR,FLA,CAR,66,50,31,3,2.7853248646,All Situations
2024020367,2024-11-29,CAR,FLA,FLA,58,43,30,6,3.4265452984,All Situations
2024020373,2024-11-29,DAL,COL,DAL,54,34,24,5,3.3748901863,All Situations
2024020373,2024-11-29,DAL,COL,COL,61,46,32,3,4.3805866265,All Situations
2024020352,2024-11-27,FLA,TOR,FLA,36,23,15,1,1.0233819403,5v5
2024020352,2024-11-27,FLA,TOR,TOR,34,21,17,0,0.8860192605,5v5
2024020352,2024-11-27,FLA,TOR,FLA,60,37,24,5,3.0550619733,All Situations
2024020352,2024-11-27,FLA,TOR,TOR,46,32,24,1,2.0648133065,All Situations
2024020309,2024-11-21,N.J,CAR,N.J,46,36,16,2,2.2397594071999998,5v5
2024020309,2024-11-21,N.J,CAR,CAR,65,39,22,2,1.964893607,All Situations
2024020309,2024-11-21,N.J,CAR,N.J,61,47,21,4,3.5011590692,All Situations
2024020309,2024-11-21,N.J,CAR,CAR,48,30,17,1,1.225761375,5v5
2024020245,2024-11-12,TOR,OTT,TOR,28,19,16,0,0.6948102104,5v5
2024020245,2024-11-12,TOR,OTT,OTT,60,46,36,3,2.6926296761,5v5
2024020245,2024-11-12,TOR,OTT,TOR,55,37,27,0,3.6662310084,All Situations
2024020245,2024-11-12,TOR,OTT,OTT,69,53,41,3,3.5483766771,All Situations
2024020230,2024-11-09,WPG,DAL,DAL,49,37,21,1,2.185267977,5v5
2024020230,2024-11-09,WPG,DAL,WPG,50,41,25,4,4.033690823,All Situations
2024020230,2024-11-09,WPG,DAL,DAL,72,54,33,1,3.8390935085,All Situations
2024020230,2024-11-09,WPG,DAL,WPG,31,24,13,2,2.080564409,5v5
2024020207,2024-11-06,EDM,VGK,VGK,53,45,35,4,4.0932519952,All Situations
2024020207,2024-11-06,EDM,VGK,EDM,58,40,29,2,2.1289123938,All Situations
2024020207,2024-11-06,EDM,VGK,EDM,53,40,29,2,2.1289123938,5v5
2024020207,2024-11-06,EDM,VGK,VGK,42,35,28,2,1.9817547902,5v5
2024020188,2024-11-03,CAR,WSH,WSH,44,31,21,2,2.5297036827,All Situations
2024020188,2024-11-03,CAR,WSH,CAR,66,50,36,3,2.5787082792,5v5
2024020188,2024-11-03,CAR,WSH,WSH,28,19,13,1,1.6581911627,5v5
2024020188,2024-11-03,CAR,WSH,CAR,77,61,45,4,4.0710102982,All Situations
2024020164,2024-10-31,WSH,MTL,WSH,85,58,34,6,5.272153498,All Situations
2024020164,2024-10-31,WSH,MTL,MTL,50,26,15,3,1.9016750108,All Situations
2024020164,2024-10-31,WSH,MTL,MTL,29,15,10,2,0.6966630393000001,5v5
2024020164,2024-10-31,WSH,MTL,WSH,62,44,24,5,3.434826438,5v5
2024020099,2024-10-22,STL,WPG,STL,53,35,24,2,1.8963494283,5v5
2024020099,2024-10-22,STL,WPG,WPG,63,39,24,3,2.3477043236,All Situations
2024020099,2024-10-22,STL,WPG,STL,60,41,29,2,2.6393451703,All Situations
2024020099,2024-10-22,STL,WPG,WPG,52,32,19,2,1.6823001006,5v5
2024020077,2024-10-19,DAL,EDM,EDM,73,50,31,1,3.1741781744999997,All Situations
2024020077,2024-10-19,DAL,EDM,DAL,52,38,24,4,3.404698731,All Situations
2024020077,2024-10-19,DAL,EDM,EDM,61,43,26,0,2.3255229745,5v5
2024020077,2024-10-19,DAL,EDM,DAL,49,35,22,2,2.532712451,5v5
2024020050,2024-10-15,CAR,N.J,CAR,72,46,29,3,2.8709577485,5v5
2024020050,2024-10-15,CAR,N.J,N.J,58,41,26,2,2.8955247973,All Situations
2024020050,2024-10-15,CAR,N.J,N.J,50,37,25,1,2.5752816073,5v5
2024020050,2024-10-15,CAR,N.J,CAR,74,48,31,4,3.7614017244999998,All Situations
