goalie_against,team,GP,AS_TOI,AS_TOI_Perc,last_team,all_teams,last_update,event_against,AS_xGA,AS_GA,AS_SA,AS_FA,AS_GSAx,AS_GAR,EV_TOI,EV_TOI_Perc,EV_xGA,EV_GA,EV_SA,EV_FA,EV_GSAx,EV_GAR,SH_TOI,SH_TOI_Perc,SH_xGA,SH_GA,SH_SA,SH_FA,SH_GSAx,SH_GAR,PP_TOI,PP_TOI_Perc,PP_xGA,PP_GA,PP_SA,PP_FA,PP_GSAx,PP_GAR,EV_WAR,SH_WAR,PP_WAR,AS_WAR
ANDREI VASILEVSKIY,T.B,63,3702.85,0.9923974753543304,T.B,T.B,2025-04-18 09:32:48,T.B,154.07231553850815,136,1717,2496,18.07231553850815,32.40429200409159,3139.916666666667,0.9944364974214698,112.3715085732745,100,1437,2093,12.371508573274497,23.511266202788818,270.45,0.9854253962470396,32.05316144940592,27.0,213.0,306.0,5.05316144940592,7.1266870462784695,292.4833333333333,1.0,3.4284831611088378,7.0,42.0,50.0,-3.5715168388911622,-2.9846937486344256,4.448745903966157,1.3484947825659557,-0.5647566564175854,6.131463107122074
CONNOR HELLEBUYCK,WPG,63,3697.133333333333,0.986244120183886,WPG,WPG,2025-04-18 09:32:48,WPG,161.46771642079128,125,1662,2597,36.46771642079128,51.4876212207285,3187.0,0.9859038741144808,118.48832487169487,90,1369,2156,28.48832487169487,40.23446264056838,252.05,0.99212753395001,32.63379305222245,30.0,211.0,322.0,2.633793052222451,4.744879826724663,258.0833333333333,0.984737678855326,3.1695343580477515,3.0,46.0,59.0,0.16953435804775152,0.7120354756740483,7.6130693824255395,0.8978148821031658,0.1347296601791604,9.742365299896404
SAM MONTEMBEAULT,MTL,62,3492.116666666667,0.950783444432848,MTL,MTL,2025-04-18 09:32:48,MTL,198.86533869222927,166,1676,2583,32.86533869222927,51.36401150048573,2917.883333333333,0.9527886017806996,143.7523395626165,126,1342,2089,17.7523395626165,32.002982289896266,297.1,0.9518876488492553,41.35029996038209,35.0,256.0,374.0,6.350299960382088,9.025259356869306,277.1333333333333,0.9454710865980552,3.002670921936875,3.0,36.0,47.0,0.0026709219368750148,0.5166115034228187,6.055528236926248,1.7077381222174237,0.09775200067793244,9.718976162455768
ILYA SOROKIN,NYI,61,3446.7666666666664,0.9577544366640732,NYI,NYI,2025-04-18 09:32:48,NYI,168.40024649789908,158,1694,2582,10.400246497899076,26.065022880150025,2967.9666666666667,0.9568941429339064,119.36869604973057,112,1365,2095,7.368696049730573,19.202107912116276,228.16666666666669,0.98837629052054,32.30996621817665,32.0,214.0,328.0,0.3099662181766476,2.4001045682805966,250.63333333333333,0.9779540872732,2.801329652197807,5.0,41.0,55.0,-2.198670347802193,-1.7191915678046614,3.6333772151927137,0.45414208129557243,-0.32530134189442067,4.931961672106678
IGOR SHESTERKIN,NYR,61,3471.2833333333338,0.9630415684098582,NYR,NYR,2025-04-18 09:32:48,NYR,187.2066928604471,167,1749,2608,20.206692860447106,37.620865594192026,2899.7333333333336,0.9655103524436872,135.88567895059958,126,1416,2124,9.885678950599583,23.356473710328288,319.91666666666663,0.957452114924182,39.49117000379911,33.0,257.0,373.0,6.4911700037991125,9.045861901588204,251.63333333333333,0.9644819215535966,4.087260287048408,5.0,38.0,51.0,-0.9127397129515922,-0.21315957805786745,4.419456436488781,1.7116364867563187,-0.04033354867393782,7.118530761902172
FILIP GUSTAVSSON,MIN,58,3381.4,0.9805659602232908,MIN,MIN,2025-04-18 09:32:48,MIN,167.72906451853578,146,1690,2577,21.72906451853578,37.33140681391825,2907.7,0.9787873857598895,121.24296503520975,101,1344,2095,20.24296503520975,32.26217935318087,234.96666666666667,1.0,33.44398358687574,36.0,246.0,350.0,-2.5560164131242615,-0.39251824654769507,238.73333333333332,0.9916920520631404,2.6660162587502825,3.0,43.0,52.0,-0.3339837412497175,0.12233464391293891,6.104572889122422,-0.0742713695851016,0.023147870528397577,7.06376005955024
JEREMY SWAYMAN,BOS,58,3361.95,0.9745253393883762,BOS,BOS,2025-04-18 09:32:48,BOS,174.20717243636676,175,1628,2444,-0.7928275636332387,15.412115464368583,2832.5,0.9740818010912924,127.21897809592949,123,1308,1991,4.2189780959294865,16.83061426471008,249.9333333333333,0.9715581470683512,32.03688400971804,40.0,218.0,304.0,-7.963115990281963,-5.890643384325692,279.51666666666665,0.9817362289995902,7.215891357682629,5.0,68.0,94.0,2.2158913576826293,3.450971556852311,3.1846488243360502,-1.1146135389609857,0.6529846349334164,2.916243853146043
JAKE OETTINGER,DAL,58,3365.4333333333334,0.9800092212866122,DAL,DAL,2025-04-18 09:32:48,DAL,164.48616924300876,146,1610,2431,18.48616924300876,33.78685384858005,2817.916666666667,0.9815560922369552,117.63809181862858,114,1305,1994,3.638091818628581,15.299943185548301,259.6,0.9719812792511702,35.45667005195331,25.0,215.0,317.0,10.45667005195331,12.750369319298194,287.91666666666663,0.9722534894191804,3.3754547184268757,4.0,54.0,60.0,-0.6245452815731243,-0.04679860007905079,2.8950188811842565,2.4125945746195203,-0.008855119865400194,6.393068172948702
KAREL VEJMELKA,UTA,58,3337.2,0.9627741929279622,UTA,UTA,2025-04-18 09:32:48,UTA,160.04535326103203,144,1506,2227,16.045353261032034,30.93294827345207,2791.85,0.9628230993395754,111.99192854525921,98,1184,1779,13.991928545259213,25.09405715682422,278.66666666666663,0.9716410971641096,39.29256848438754,36.0,254.0,360.0,3.2925684843875374,5.8344128090993905,266.68333333333334,0.9583732630570198,2.2257842036008073,6.0,39.0,45.0,-3.7742157963991927,-3.3932480321651624,4.748237845951163,1.1039737231782867,-0.6420623268025178,5.853058943834925
JUUSE SAROS,NSH,58,3323.883333333333,0.9711952393010888,NSH,NSH,2025-04-18 09:32:48,NSH,157.27207795182724,167,1593,2319,-9.727922048172758,4.901699840878621,2801.0333333333333,0.975442995362551,117.61965930362187,135,1314,1930,-17.380340696378127,-5.720316605360296,279.18333333333334,0.9635872066267832,33.74952848626854,28.0,220.0,309.0,5.749528486268538,7.932792415136127,243.66666666666669,0.9698819158816506,2.9534563069368307,2.0,38.0,47.0,0.9534563069368307,1.458973258758284,-1.0823847107165854,1.5010241243265987,0.2760634520027331,0.9274879924158967
JOEY DACCORD,SEA,57,3255.333333333333,0.9725251197482546,SEA,SEA,2025-04-18 09:32:48,SEA,168.13419373053094,151,1600,2513,17.13419373053094,32.77422159136714,2767.2166666666662,0.9707261459307764,121.9562918321196,110,1290,2037,11.956291832119604,24.046220584106095,224.88333333333333,0.9906027457602232,35.406218086228264,33.0,230.0,358.0,2.4062180862282645,4.696653605549152,263.2333333333333,0.9836208507193124,4.005543221183057,2.0,43.0,58.0,2.005543221183057,2.6911365698321292,4.549968700397754,0.888689631167388,0.5092104648380921,6.201460304293564
JORDAN BINNINGTON,STL,56,3195.25,0.9652497016871668,STL,STL,2025-04-18 09:32:48,STL,141.29378036697256,145,1455,2187,-3.7062196330274446,9.437083418367536,2777.016666666667,0.9658460521815748,101.75873884343775,104,1187,1794,-2.2412611565622456,7.846417666951737,220.55,0.9747348261638183,29.295163273792447,31.0,197.0,283.0,-1.704836726207553,0.19027340227854594,197.6833333333333,0.9467592592592592,1.3991314882410852,1.0,33.0,41.0,0.39913148824108524,0.6386084303823438,1.4846804997902971,0.03600308089404304,0.12083596920716753,1.785662492217013
UKKO-PEKKA LUUKKONEN,BUF,55,3132.7166666666667,0.962175969531922,BUF,BUF,2025-04-18 09:32:48,BUF,161.4677577792994,169,1490,2272,-7.532242220700596,7.487666426450602,2639.7833333333333,0.9629150024014056,116.37628110767915,121,1187,1832,-4.623718892320852,6.913045024294377,247.5,0.96742671009772,32.13416829280539,37.0,211.0,315.0,-4.865831707194609,-2.7870657609862874,245.4333333333333,0.968242488000526,3.609311865580202,4.0,44.0,57.0,-0.3906881344197979,0.22708580324628969,1.3080699469990797,-0.5273619583619596,0.04296863590107129,1.4167984428242248
LUKAS DOSTAL,ANA,54,3019.7333333333336,0.937039067429328,ANA,ANA,2025-04-18 09:32:48,ANA,167.76247196517747,158,1624,2498,9.762471965177468,25.367921858036937,2518.4833333333336,0.9384020170405148,121.36283274640124,112,1305,2041,9.362832746401239,21.39392994524877,242.03333333333333,0.9447661180144428,35.36653794751644,38.0,240.0,346.0,-2.6334620524835586,-0.34559344948499415,259.2166666666667,0.9666252330640148,4.053136348856623,3.0,37.0,52.0,1.053136348856623,1.746875791549031,4.04810857028087,-0.06539237102642882,0.33053968490517,4.800057873730717
SERGEI BOBROVSKY,FLA,54,3169.7166666666667,0.986912638488882,FLA,FLA,2025-04-18 09:32:48,FLA,129.42860871575124,130,1375,2059,-0.5713912842487616,11.468200433471168,2647.55,0.986566552392309,90.4367517773475,89,1093,1638,1.4367517773474958,10.402044745211072,263.26666666666665,0.9925227772541628,32.35092295411168,34.0,217.0,331.0,-1.649077045888319,0.44371080387448814,258.9,0.9847850893876,1.6081542032920546,3.0,33.0,38.0,-1.3918457967079454,-1.116592288133036,1.9682501807427686,0.08395790359636252,-0.2112789385899949,2.169985625793989
ELVIS MERZLIKINS,CBJ,53,3138.2166666666667,0.9941027400876404,CBJ,CBJ,2025-04-18 09:32:48,CBJ,161.7097967864415,168,1557,2331,-6.290203213558499,8.752220168585723,2707.2166666666667,0.9938995288502722,119.04680227412582,120,1273,1924,-0.9531977258741762,10.848303746696388,245.48333333333332,1.0000000000000002,32.677308144315674,38.0,226.0,318.0,-5.322691855684326,-3.2087900809379732,185.51666666666665,0.989334281397209,2.102736561,4.0,26.0,31.0,-1.897263439,-1.5373566496889026,2.052690248233916,-0.6071596317329256,-0.29089497091515154,1.656074296032054
DUSTIN WOLF,CGY,53,3143.9333333333334,0.99369969235956,CGY,CGY,2025-04-18 09:32:48,CGY,150.7144795533146,140,1549,2261,10.71447955331459,24.73410641769368,2644.7,0.9932648130297074,109.14090403691038,99,1255,1843,10.140904036910385,20.96040120192771,239.55,1.0,33.39119898970988,29.0,226.0,331.0,4.391198989709878,6.55128250985549,259.68333333333334,0.9923571747022484,2.623596484924167,5.0,41.0,44.0,-2.376403515075833,-1.9273457468084283,3.9660772919793885,1.239618103936387,-0.36468778085731257,4.680128822705677
STUART SKINNER,EDM,51,2905.333333333333,0.9639247085886178,EDM,EDM,2025-04-18 09:32:48,EDM,138.28229912734022,138,1325,1955,0.2822991273402238,13.14547087739075,2511.9,0.9674859897675554,101.36643437358363,106,1076,1602,-4.63356562641637,5.415222763333432,200.71666666666667,0.9475961916751908,26.394979928491328,27.0,179.0,253.0,-0.6050200715086724,1.1024766007635236,192.71666666666667,0.9449983654789148,3.213068989,2.0,28.0,40.0,1.213068989,1.7630215437394727,1.0246555791447047,0.2086080017793124,0.333594745755749,2.487354752274538
KEVIN LANKINEN,VAN,51,2989.2333333333336,0.9784030592483894,VAN,VAN,2025-04-18 09:32:48,VAN,129.82199237925124,132,1345,2093,-2.178007620748758,9.89817707856895,2542.0333333333333,0.9780624971944876,90.3503607223445,106,1074,1692,-15.649639277655496,-6.692910539518039,237.91666666666669,0.9834653806407166,31.602417405196014,20.0,208.0,304.0,11.602417405196014,13.646784277279991,209.28333333333336,0.9860227718884964,2.5780574021000002,2.0,34.0,44.0,0.5780574021000002,1.0193206489844586,-1.266416623055418,2.582212082165859,0.19287343024765913,1.8729095385680294
DARCY KUEMPER,L.A,50,2934.9,0.9910626850215551,L.A,L.A,2025-04-18 09:32:48,L.A,119.37658563130833,100,1266,1951,19.37658563130833,30.48112709178895,2473.65,0.9894138273547234,81.31973708189852,73,1009,1578,8.319737081898523,16.381230365113424,252.01666666666665,1.0,29.247958451116823,22.0,194.0,281.0,7.247958451116823,9.140014889929652,209.23333333333332,1.0000000000000002,2.6999651208083497,3.0,30.0,40.0,-0.3000348791916503,0.16209423194148798,3.099617471052244,1.7294518914060484,0.030671085265526817,5.767566413831988
ADIN HILL,VGK,50,2894.5666666666666,0.9834147777784068,VGK,VGK,2025-04-18 09:32:48,VGK,134.29629702332505,121,1293,2030,13.296297023325053,25.78868646802212,2556.416666666667,0.9848596726658664,100.41502923217844,94,1075,1702,6.415029232178441,16.369501697747012,158.3,0.9580391365745412,21.77321548489757,21.0,145.0,217.0,0.7732154848975696,2.1817292661487393,179.85000000000002,0.9858395761008588,2.6328613859496866,2.0,25.0,35.0,0.6328613859496866,1.0835049452492282,3.097398200492536,0.41282162571027364,0.20501823021904367,4.879673953063078
JACOB MARKSTROM,N.J,49,2864.5,0.9841895196156466,N.J,N.J,2025-04-18 09:32:48,N.J,122.81619756744155,121,1212,1932,1.8161975674415487,13.240695518139773,2444.35,0.9853932206806194,87.56809699559795,96,993,1583,-8.431903004402045,0.24901076986371606,232.13333333333333,0.9864022662889518,24.9689683626955,20.0,153.0,250.0,4.968968362695499,6.584216053918471,188.01666666666665,0.9661699212058924,2.546158514285896,1.0,30.0,37.0,1.5461585142858958,1.9819619111307896,0.04711722596817285,1.2458497108600455,0.3750221216462671,2.5053729324454816
SAMUEL ERSSON,PHI,47,2572.8500000000004,0.9195920628585388,PHI,PHI,2025-04-18 09:32:48,PHI,124.67912241597838,136,1162,1759,-11.320877584021616,0.27691168765832685,2184.366666666667,0.916664918133686,90.85669234032179,105,947,1435,-14.143307659678214,-5.136384601147256,186.25,0.9530104042299165,24.358918740684192,20.0,142.0,224.0,4.358918740684192,5.934702196574261,202.23333333333332,0.9216162843688288,4.542288637890389,7.0,52.0,61.0,-2.4577113621096114,-1.6802480554317913,-0.9718944849018067,1.122950242685653,-0.3179325430530247,0.05239657131202116
PYOTR KOCHETKOV,CAR,47,2763.55,0.9953000072030542,CAR,CAR,2025-04-18 09:32:48,CAR,119.61228308461253,121,1171,1716,-1.3877169153874718,9.738749381764478,2331.866666666667,0.9980668126663006,86.33972673119293,97,957,1403,-10.660273268807074,-2.1011318832767643,214.46666666666664,1.0,24.531449719226806,21.0,151.0,230.0,3.5314497192268064,5.118394239551229,217.21666666666667,0.9622000738279808,2.384301738458774,1.0,28.0,34.0,1.384301738458774,1.7924015448508142,-0.3975711805054314,0.9684903914441901,0.3391539597289674,1.8427430087427017
CAM TALBOT,DET,47,2605.2833333333333,0.9371073329816316,DET,DET,2025-04-18 09:32:48,DET,130.18640062746206,129,1296,1946,1.1864006274620635,13.296482983337768,2256.5,0.942512252171976,95.29393879834257,83,1060,1610,12.293938798342566,21.74074070794849,157.35,0.9606227106227104,24.029158798098177,34.0,160.0,234.0,-9.970841201901823,-8.416389984419958,191.4333333333333,0.8615361536153616,1.8993505239461872,6.0,31.0,33.0,-4.100649476053813,-3.775554472938098,4.113731278420201,-1.59252930686178,-0.7144014427726623,2.515928904001909
LINUS ULLMARK,OTT,44,2422.9,0.938011756279802,OTT,OTT,2025-04-18 09:32:48,OTT,123.98495229055789,112,1230,1766,11.984952290557885,23.518169092707126,2018.7166666666667,0.9381016922898192,82.56173514727523,85,967,1392,-2.438264852724771,5.746351788005612,184.48333333333332,0.9239565943238732,29.456525053840604,24.0,200.0,270.0,5.456525053840604,7.362073709016649,219.7,0.9780382846119602,0.9495699774967226,0.0,15.0,23.0,0.9495699774967226,1.1120994584434594,1.0873110260903878,1.3930340873687113,0.21042881603571284,4.4500520523881395
LOGAN THOMPSON,WSH,43,2496.7166666666667,0.9755848181723455,WSH,WSH,2025-04-18 09:32:48,WSH,125.1791015196,105,1171,1813,20.179101519599996,31.823399398107483,2143.383333333333,0.9781778629670196,93.1604864088,79,941,1477,14.160486408799997,23.395792158610973,184.9,0.952274678111588,21.337802859,21.0,150.0,226.0,0.33780285899999996,1.7181497080618051,168.43333333333334,0.9689357622243528,2.0903235468,2.0,31.0,36.0,0.0903235468000001,0.44810571043555836,4.426896179811799,0.3251042036704066,0.08478949736903461,6.021547989015441
JOSEPH WOLL,TOR,42,2402.95,0.9737018052150656,TOR,TOR,2025-04-18 09:32:48,TOR,124.27246240295733,111,1216,1832,13.27246240295733,24.832423712386316,2086.4333333333334,0.974505881162376,86.68511832473838,74,968,1476,12.685118324738383,21.278499516143143,166.53333333333333,0.9765441751368256,25.004089792705095,29.0,168.0,243.0,-3.995910207294905,-2.3783905035517776,149.98333333333335,0.966076221148685,3.490604961058422,2.0,38.0,45.0,1.490604961058422,2.0880608894846002,4.026267098866803,-0.4500333975825136,0.39509791813018935,4.698732187504507
CHARLIE LINDGREN,WSH,39,2259.2833333333333,0.9746482316314716,WSH,WSH,2025-04-18 09:32:48,WSH,104.64566324096094,103,985,1531,1.6456632409609426,11.379918078066794,1886.8,0.976267678509831,69.19080416260265,79,758,1174,-9.809195837397354,-2.9500836091407905,193.4833333333333,0.9735826903723582,25.624533383399537,18.0,163.0,260.0,7.6245333833995375,9.282189710444275,179.0,0.9590141976962228,3.4874355068771905,3.0,38.0,48.0,0.4874355068771905,1.0843489479088984,-0.558207808091852,1.7563538729903718,0.20517793039608895,2.153281048353957
ALEX NEDELJKOVIC,PIT,38,2132.0,0.93686831697671,PIT,PIT,2025-04-18 09:32:48,PIT,102.38519123485078,112,1053,1565,-9.61480876514922,-0.09082552342667327,1814.25,0.9353652353987472,77.96623037905361,85,847,1268,-7.033769620946387,0.695279501351294,155.35,0.9425624431186166,17.555676796839798,20.0,143.0,210.0,-2.4443232031602022,-1.3086428657891886,162.4,0.9643705463182898,2.647008279957371,2.0,33.0,47.0,0.6470082799573711,1.1000732377789455,0.13155913454722,-0.24761829238459404,0.20815324314823036,-0.017185789648031243
MACKENZIE BLACKWOOD,COL,37,2144.016666666667,0.9810337990360564,COL,S.J/COL,2025-04-18 09:32:48,COL,100.74536772292387,84,965,1439,16.745367722923874,26.116812775689482,1815.5,0.9797449227392924,72.09849778331386,65,777,1165,7.09849778331386,14.24585925381038,162.23333333333335,0.9883236876840288,22.697833417057286,15.0,141.0,206.0,7.697833417057286,9.166160922227288,166.28333333333333,0.9881152817668616,1.8020710625527312,3.0,26.0,33.0,-1.1979289374472688,-0.8894843979537685,2.6955676252072656,1.73439918148757,-0.16830612345196685,4.94176123303465
MACKENZIE BLACKWOOD,S.J,19,1047.1666666666667,0.9306769367501112,COL,S.J/COL,2025-04-18 09:32:48,S.J,54.18830409987,50,554,826,4.1883040998700025,9.228959822832174,869.5333333333333,0.9319590575373788,38.79317630267,40,453,676,-1.2068236973300017,2.63887159658848,83.7,0.9063345966432051,11.620295612,8.0,75.0,115.0,3.6202956119999996,4.372014921583247,93.93333333333334,0.9412157648630596,0.8916805132,1.0,14.0,16.0,-0.10831948680000003,0.04430156737735369,0.49932101083620567,0.8272622710624281,0.008382637273100386,1.7462818401853148
CALVIN PICKARD,EDM,36,1861.25,0.8748257007222648,EDM,EDM,2025-04-18 09:32:48,EDM,76.86294287505268,85,849,1201,-8.137057124947319,-0.9871815323694335,1588.35,0.8744093440622448,58.48900719542664,65,718,1010,-6.5109928045733625,-0.7127849454779067,129.56666666666666,0.932357879587431,13.732679847633777,17.0,88.0,134.0,-3.2673201523662225,-2.378950272762591,143.33333333333331,0.9287257019438444,1.750541044603966,2.0,26.0,34.0,-0.24945895539603402,0.05016564742205887,-0.13487147307393618,-0.4501393157819969,0.009492224560080167,-0.18679214299732702
ARVID SODERBLOM,CHI,36,2074.5666666666666,0.9710269291977408,CHI,CHI,2025-04-18 09:32:48,CHI,109.18414559485907,111,1087,1636,-1.815854405140925,8.340575058588726,1805.3166666666664,0.9706177530063262,81.29285850625551,95,914,1370,-13.707141493744487,-5.648312772231137,162.13333333333333,0.9878147847278635,20.689370083054175,11.0,129.0,200.0,9.689370083054175,11.027769682672364,107.11666666666667,1.0000000000000002,1.6587540905681935,2.0,17.0,23.0,-0.34124590943180655,-0.05733166640883214,-1.068760316566975,2.086648366043831,-0.010848161638933445,1.5781837868101554
TRISTAN JARRY,PIT,36,1998.4833333333336,0.9283756580984828,PIT,PIT,2025-04-18 09:32:48,PIT,99.39646807775817,105,972,1468,-5.603531922241828,3.6424370000367503,1705.4333333333334,0.9327718070026708,74.88015174972907,81,786,1208,-6.119848250270934,1.303267736547994,140.56666666666666,0.9462582744306068,17.993009142803793,19.0,126.0,181.0,-1.0069908571962074,0.1569805994495148,152.48333333333335,0.9113457515688814,2.779167500656534,2.0,33.0,41.0,0.7791675006565342,1.2548529815060014,0.24660122320640507,0.029703495880640543,0.23744029834056174,0.6892132709741586
ANTHONY STOLARZ,TOR,34,1961.2166666666667,0.9734292923026016,TOR,TOR,2025-04-18 09:32:48,TOR,101.54571886148233,71,955,1501,30.545718861482328,39.991613458554,1622.9666666666667,0.970509383378016,70.34636691914369,43,747,1180,27.34636691914369,34.32003388816149,181.8,0.9988096328175076,23.487167051830557,20.0,148.0,239.0,3.487167051830557,5.006556711938327,156.45,0.9750701153007169,2.5219944661254634,2.0,33.0,41.0,0.5219944661254634,0.9536619169125,6.493955232654703,0.9473287603101518,0.18044964103761268,7.567118037463954
DAVID RITTICH,L.A,34,1836.1333333333328,0.9120018543353366,L.A,L.A,2025-04-18 09:32:48,L.A,68.17506094929136,86,744,1127,-17.824939050708636,-11.483219802510845,1592.3333333333333,0.924279508934186,52.277882347319746,62,628,955,-9.722117652680254,-4.5396390499865475,123.41666666666666,0.9805349576271186,12.353888462564102,17.0,77.0,123.0,-4.646111537435898,-3.8469359556927767,120.38333333333333,0.9525253857312408,1.0482544560091034,2.0,17.0,21.0,-0.9517455439908966,-0.7723251150885395,-0.8589797101917432,-0.7279080772637574,-0.14613752243904157,-2.172827555102224
PETR MRAZEK,CHI,33,1820.5166666666669,0.9357016198805864,DET,CHI/DET,2025-04-18 09:32:48,CHI,89.0150142929,106,963,1383,-16.984985707099995,-8.7047110486033,1527.0666666666666,0.928778509883426,64.5012239768,79,775,1127,-14.498776023199994,-8.104557319265481,159.55,1.0,18.314435949,21.0,141.0,191.0,-2.685564051,-1.5007994282504953,133.9,1.0,2.2376339091,4.0,24.0,34.0,-1.7623660909,-1.3793701175504784,-1.5335250711960602,-0.2839777003720956,-0.2610011348422452,-1.6470847332794634
PETR MRAZEK,DET,5,240.5833333333333,0.8055245535714285,DET,CHI/DET,2025-04-18 09:32:48,DET,9.8376522469,10,102,167,-0.1623477531000006,0.7527614927523185,216.45,0.8218059862051509,8.4035637029,9,90,153,-0.5964362971000003,0.23663664161067643,8.45,1.0,1.38561149,1.0,11.0,13.0,0.38561149000000006,0.47524698184908765,15.683333333333334,1.0,0.048477054,0.0,1.0,1.0,0.048477054,0.05677444188205751,0.04477582283377543,0.08992510423035499,0.010742724938515155,0.14243574032384948
ALEXANDAR GEORGIEV,S.J,31,1717.3833333333334,0.929068614191687,S.J,COL/S.J,2025-04-18 09:32:48,S.J,99.73310846651604,112,896,1335,-12.266891533483957,-2.989607951513406,1473.5166666666669,0.9310733392308016,74.02679841108613,77,718,1089,-2.9732015889138665,4.3653186717684775,129.06666666666666,0.9294287085933748,22.018652156460636,28.0,145.0,200.0,-5.981347843539364,-4.5569567135998135,114.8,0.9557374774524768,1.316149736969272,5.0,19.0,28.0,-3.683850263030728,-3.4585765721314825,0.8259952225896471,-0.8622565173360834,-0.654423637847211,-0.5656865102051509
ALEXANDAR GEORGIEV,COL,18,928.65,0.8787654165220957,S.J,COL/S.J,2025-04-18 09:32:48,COL,48.5735410816,53,421,599,-4.426458918400002,0.09190536527007254,796.4666666666667,0.8743733304058258,34.2972319317,40,330,475,-5.702768068300003,-2.3027705428307783,61.85,0.9279819954988744,9.176850965,9.0,60.0,84.0,0.17685096499999986,0.7705033385621949,70.33333333333334,0.9108568961795812,0.9366813789,2.0,10.0,12.0,-1.0633186211,-0.9029951673968566,-0.4357247683656098,0.14579281021513948,-0.1708625991305179,0.01739011475482553
JAKE ALLEN,N.J,31,1721.5333333333333,0.948294223495281,N.J,N.J,2025-04-18 09:32:48,N.J,89.04837838701815,77,819,1245,12.048378387018147,20.33175661029236,1469.4,0.951868886441666,65.58044261560467,56,675,1033,9.580442615604667,16.081647816545214,121.93333333333334,0.9363880711634456,18.085388916478767,18.0,103.0,154.0,0.08538891647876667,1.2553364396554194,130.2,0.9610038135071964,2.2927588343,2.0,26.0,31.0,0.2927588342999998,0.6851900527523656,3.042931173328114,0.2375317771424013,0.12965003306622722,3.847126656655609
JOEL HOFER,STL,31,1660.9666666666667,0.9061300940153844,STL,STL,2025-04-18 09:32:48,STL,67.86836594543985,74,767,1140,-6.131634054560152,0.18155608662740974,1452.95,0.9062811876247504,51.725870732904454,48,643,959,3.725870732904454,8.853626606755789,84.73333333333333,0.9284149013878744,11.236929471121789,18.0,80.0,122.0,-6.763070528878211,-6.036151253679714,123.28333333333332,0.9164911411225374,1.233554332,4.0,21.0,28.0,-2.7664456680000002,-2.5553091008687474,1.6752621812167052,-1.1421461921239515,-0.4835095140264654,0.03435361114783379
DAN VLADAR,CGY,30,1760.6833333333334,0.977786210790348,CGY,CGY,2025-04-18 09:32:48,CGY,77.78846479235062,83,810,1222,-5.211535207649376,2.024433452918913,1496.0833333333333,0.9798068001964744,55.97855920276938,56,665,1005,-0.021440797230617648,5.527898086670227,128.85000000000002,1.0000000000000002,16.047316370081234,23.0,116.0,163.0,-6.952683629918766,-5.91457943832452,135.75,0.9576719576719576,1.3600924535,1.0,12.0,17.0,0.3600924535000001,0.5928874299057192,1.0459757359941546,-1.119142662201986,0.11218475017705457,0.38305848582739443
ALEX LYON,DET,30,1537.9499999999998,0.8615966386554621,DET,DET,2025-04-18 09:32:48,DET,74.65769049633613,73,704,1092,1.65769049633613,8.602431084082227,1312.55,0.8584649596128061,55.39976362998782,56,578,894,-0.6002363700121833,4.891724603066912,99.1,0.9737962659679004,13.974871548375944,15.0,94.0,142.0,-1.025128451624056,-0.12109114116086239,126.3,0.8990390319136315,1.3958279391366695,0.0,12.0,23.0,1.3958279391366695,1.634739442043383,0.9256005016285794,-0.022912577893489855,0.3093215114028941,1.6277315615150707
ANTON FORSBERG,OTT,30,1658.3166666666666,0.93609114514733,OTT,OTT,2025-04-18 09:32:48,OTT,77.47314893347334,76,769,1144,1.4731489334733396,8.67978656560308,1393.1333333333332,0.9296438819316236,57.46393929107558,53,631,947,4.463939291075583,10.160528793763376,123.83333333333331,0.978919631093544,15.990491929139731,20.0,106.0,156.0,-4.009508070860269,-2.9750798640204827,141.35,0.9650659990896676,2.1842342052580324,1.0,19.0,22.0,1.1842342052580324,1.5580902243610808,1.922551106499886,-0.562937540023403,0.2948181286303446,1.6423685818523424
ILYA SAMSONOV,VGK,29,1722.15,1.0,VGK,VGK,2025-04-18 09:32:48,VGK,78.93110010140201,82,752,1197,-3.0688998985979907,4.273357956760634,1535.1333333333332,1.0,63.357964823583174,62,657,1037,1.357964823583174,7.638848483463761,90.26666666666668,1.0,11.907931822918828,17.0,72.0,116.0,-5.092068177081172,-4.321741621942161,96.75,1.0,0.5432815389,1.0,11.0,15.0,-0.45671846110000003,-0.36372977293808295,1.4454047522883529,-0.8177496768053559,-0.06882408303968328,0.8085946346890084
JOHN GIBSON,ANA,29,1541.6333333333332,0.9008638740905948,ANA,ANA,2025-04-18 09:32:48,ANA,78.91959505802284,72,811,1209,6.919595058022836,14.260782701576247,1314.15,0.9003699728229841,59.308819838127484,49,666,1006,10.308819838127484,16.188298423737592,114.36666666666667,0.8824588477366256,13.59142782699733,21.0,96.0,144.0,-7.4085721730026695,-6.52933991562273,113.11666666666666,0.9262999863518492,1.6101378668980288,2.0,18.0,20.0,-0.38986213310197115,-0.1142690984006125,3.063111347709633,-1.2354661784138132,-0.021621727178578392,2.6983914045200774
CASEY DESMITH,DAL,27,1476.65,0.9310529634300126,DAL,DAL,2025-04-18 09:32:48,DAL,80.59407674159259,65,761,1133,15.594076741592588,23.091026515396933,1237.6333333333332,0.93403939523534,59.82916324030112,46,623,927,13.82916324030112,19.760225180606085,111.43333333333334,0.968704723268618,13.338592962407102,16.0,94.0,134.0,-2.661407037592898,-1.7985307195276228,127.58333333333331,0.886405743399722,2.6208654476019073,0.0,22.0,31.0,2.6208654476019073,3.069455768404721,3.7389828380762786,-0.34031370759209656,0.5807951243168716,4.3692291492391435
JOONAS KORPISALO,BOS,27,1515.1833333333334,0.9444709940159576,BOS,BOS,2025-04-18 09:32:48,BOS,73.83923839413059,74,693,1076,-0.16076160586941057,6.707845665998235,1279.0166666666669,0.949729589247924,53.4726926909266,52,557,877,1.4726926909265998,6.773616776910565,128.26666666666665,0.93636695461735,16.249854662694652,15.0,94.0,146.0,1.249854662694652,2.301061098033049,107.9,0.9189496096522356,1.0584590955093427,6.0,26.0,30.0,-4.941540904490657,-4.760373837846451,1.2816876654538887,0.4354013112843807,-0.9007466220579406,1.2692426121867948
PHILIPP GRUBAUER,SEA,26,1446.85,0.9509157428909432,SEA,SEA,2025-04-18 09:32:48,SEA,72.54783991297099,84,680,1079,-11.452160087029014,-4.703680124048617,1257.1333333333332,0.9527346217001388,56.96072486580635,73,583,924,-16.03927513419365,-10.392570934322805,84.1,0.92911066102007,13.136841691278443,11.0,80.0,125.0,2.136841691278443,2.986666678181045,105.61666666666667,0.9809597523219814,0.9189480628861973,0.0,11.0,16.0,0.9189480628861973,1.076236261984108,-1.9664575687659995,0.5651299694566891,0.2036428672494774,-0.8900191722956293
IVAN FEDOTOV,PHI,26,1418.5666666666666,0.9119975998371316,PHI,PHI,2025-04-18 09:32:48,PHI,61.30156277407685,75,624,937,-13.69843722592315,-7.996098347515314,1228.1166666666668,0.9251698117945436,48.501260131007676,62,550,818,-13.498739868992324,-8.690650261179137,86.26666666666667,0.9083889083889084,8.97522149311856,12.0,51.0,84.0,-3.0247785068814395,-2.4441695852636016,104.18333333333334,0.9059420289855072,2.4688017469506076,0.0,17.0,23.0,2.4688017469506076,2.891364671222994,-1.6444241845059409,-0.46247995906534095,0.5470971502355748,-1.5130027223714484
MARC-ANDRE FLEURY,MIN,26,1367.7,0.889425994970953,MIN,MIN,2025-04-18 09:32:48,MIN,61.646524881362296,68,669,964,-6.353475118637704,-0.6190474851160559,1180.2833333333333,0.8863647742064684,46.49883531256356,48,563,811,-1.501164687436443,3.10841795511476,84.13333333333333,0.9999999999999998,10.522249398664657,16.0,72.0,104.0,-5.477750601335343,-4.79706412679689,103.28333333333332,0.9341272233946336,0.853026970712907,1.0,14.0,18.0,-0.146973029287093,-0.0009679595511824512,0.5881674566719572,-0.9076890713193181,-0.0001831550054083035,-0.11713469364078472
JONATHAN QUICK,NYR,24,1313.4833333333331,0.9261513873056536,NYR,NYR,2025-04-18 09:32:48,NYR,61.70502249285654,70,657,977,-8.294977507143457,-2.5551083613793395,1145.4666666666667,0.9323602029465232,47.557217511962044,55,564,845,-7.442782488037956,-2.7282789333232955,80.33333333333333,0.8924273282725421,11.716282128141042,13.0,72.0,103.0,-1.2837178718589577,-0.5257891748339372,87.68333333333334,0.8800602208096353,1.221880056753456,2.0,14.0,18.0,-0.778119943246544,-0.5689815583885476,-0.5162384545694724,-0.09948857784676726,-0.10766133799348857,-0.4834715305774429
JUSTUS ANNUNEN,NSH,23,1257.4166666666663,0.9297210035983634,NSH,COL/NSH,2025-04-18 09:32:48,NSH,58.94059940245843,67,595,873,-8.059400597541568,-2.576681132004069,1069.5333333333333,0.9263504345064528,44.84564416303882,50,489,725,-5.15435583696118,-0.7086594762156082,98.85,0.9294781382228492,11.479293838625912,14.0,79.0,115.0,-2.520706161374088,-1.7781082854677361,89.03333333333333,0.972510467868196,0.942430041793695,2.0,16.0,16.0,-1.057569958206305,-0.8962625568022105,-0.1340908615864778,-0.33644942316397153,-0.16958867055739926,-0.4875534789559859
JUSTUS ANNUNEN,COL,11,508.9500000000001,0.8004875747090281,NSH,COL/NSH,2025-04-18 09:32:48,COL,24.0579394168,28,218,343,-3.9420605832,-1.7041645645227668,433.7000000000001,0.7930876840084119,17.1344634258,18,173,277,-0.8655365742000001,0.8330592006420368,30.516666666666666,0.8484708063021316,3.258377368,7.0,24.0,33.0,-3.741622632,-3.5308375308959263,44.73333333333333,0.8442906574394464,0.926604265,0.0,5.0,10.0,0.926604265,1.0852029083885568,0.15762948174088479,-0.6680966846983354,0.20533951476816242,-0.32245796805302007
THATCHER DEMKO,VAN,23,1283.9666666666667,0.9392816211075616,VAN,VAN,2025-04-18 09:32:48,VAN,62.86354775815123,63,569,888,-0.13645224184877236,5.711184199934451,1077.1166666666668,0.9367996868975316,44.20019153096276,43,463,732,1.200191530962762,5.581902047129489,98.08333333333334,0.9805064978340554,12.672080690488462,13.0,69.0,105.0,-0.3279193095115378,0.49184019280267854,108.76666666666668,0.9819440264820944,2.0802444887,2.0,20.0,25.0,0.0802444887,0.4363015092494811,1.0561942370233588,0.09306483216447525,0.08255593447951551,1.0806566986698853
SPENCER KNIGHT,FLA,23,1282.6166666666668,0.944280841247638,CHI,FLA/CHI,2025-04-18 09:32:48,FLA,57.2695117746,52,560,869,5.269511774599998,10.596784828686587,1097.4,0.942945523285788,42.545886089,41,458,723,1.5458860889999997,5.763599859882895,95.45,0.9260996119016818,10.562749232,7.0,65.0,101.0,3.562749232,4.246055649074307,89.76666666666667,0.98177178271965,1.6955929986,2.0,19.0,21.0,-0.3044070014,-0.014187368839712722,1.0905746652518666,0.8034285569269369,-0.0026845002080850273,2.0050984364354782
SPENCER KNIGHT,CHI,15,900.45,1.0,CHI,FLA/CHI,2025-04-18 09:32:48,CHI,45.95410332525389,48,451,689,-2.0458966747461105,2.2288046241379007,800.0666666666666,1.0,36.76749173260575,34,392,604,2.767491732605748,6.412374245501113,51.06666666666666,1.0,7.515380690566838,12.0,45.0,68.0,-4.484619309433162,-3.9984477891377477,49.31666666666666,1.0,0.114039802019762,1.0,4.0,4.0,-0.8859601979802381,-0.8664410153304216,1.2133342123440114,-0.7565767862404252,-0.16394590936673056,0.42172911304956384
JAMES REIMER,BUF,22,1228.45,0.9443924814534832,BUF,ANA/BUF,2025-04-18 09:32:48,BUF,66.5570464313148,60,597,936,6.557046431314802,12.74825618719035,1040.3000000000002,0.9496698414630436,50.64516312681465,45,482,773,5.645163126814651,10.665784897430527,96.21666666666668,0.8924099551708147,10.630722306315185,12.0,74.0,102.0,-1.3692776936848148,-0.6815740844735281,91.93333333333334,0.9425837320574164,1.8373899961522606,2.0,25.0,31.0,-0.16261000384773938,0.15187976462473163,2.018154465428148,-0.1289658281437615,0.02873832803991955,2.4121947327850473
JAMES REIMER,ANA,2,119.31666666666666,1.0,BUF,ANA/BUF,2025-04-18 09:32:48,ANA,8.9365402123,9,66,106,-0.06345978769999938,0.7678270243321865,105.23333333333332,1.0,6.0844975783,6,55,87,0.08449757829999971,0.6876738565238645,8.083333333333334,1.0,2.404979994,2.0,10.0,17.0,0.40497999400000007,0.5605586437190535,6.0,1.0,0.26737362,0.0,0.0,1.0,0.26737362,0.31313759391165413,0.13012001251180047,0.10606757410122643,0.05925115118330158,0.14528640439820972
CONNOR INGRAM,UTA,22,1203.6333333333332,0.9050895464400748,UTA,UTA,2025-04-18 09:32:48,UTA,57.32970848155,66,558,839,-8.67029151845,-3.337418900390496,1026.4666666666667,0.8987668734038673,40.74289242275,48,454,685,-7.257107577249997,-3.2181305048824385,96.88333333333333,0.9936752136752136,14.38983754,13.0,81.0,126.0,1.3898375400000003,2.320719085682308,80.28333333333333,0.9023979018358936,1.2350063678,2.0,18.0,21.0,-0.7649936321999999,-0.553608532964234,-0.6089270045492531,0.43912094897979687,-0.10475249066480363,-0.6314984711954952
FREDERIK ANDERSEN,CAR,22,1305.6,1.0,CAR,CAR,2025-04-18 09:32:48,CAR,62.39985410631257,55,545,809,7.399854106312567,13.204357253952935,1074.2166666666667,1.0,44.35184553029649,41,427,631,3.3518455302964867,7.748590006739924,120.0,1.0,14.108339161001808,10.0,83.0,132.0,4.108339161001808,5.021010518735816,111.38333333333333,1.0,1.3992090123971386,2.0,21.0,25.0,-0.6007909876028614,-0.36130077633858626,1.4661697824640534,0.9500636752752768,-0.06836447407691815,2.4984970924731003
DANIIL TARASOV,CBJ,20,1089.5,0.9169460380693216,CBJ,CBJ,2025-04-18 09:32:48,CBJ,59.332764163404335,65,544,822,-5.667235836595665,-0.14803677311830654,941.6833333333334,0.9164503990138196,43.77797376260433,52,434,674,-8.222026237395667,-3.8821715587637726,73.46666666666667,1.0,11.588067881,9.0,83.0,112.0,2.5880678810000006,3.337702372046296,74.35,0.9489470325462668,0.8214035778,2.0,12.0,13.0,-1.1785964222,-1.0380040484819848,-0.734575274320855,0.6315521090283858,-0.19640865868962726,-0.028011166321970163
ERIC COMRIE,WPG,20,1171.3166666666666,0.991394997813483,WPG,WPG,2025-04-18 09:32:48,WPG,50.35452007093528,47,547,833,3.35452007093528,8.038552981520176,1008.0833333333331,0.9914761085156952,39.0512597566998,36,467,709,3.0512597566997997,6.922539713159367,80.16666666666666,0.9816326530612244,9.257904457067818,10.0,59.0,98.0,-0.7420955429321818,-0.14319980232228424,83.06666666666666,1.0,0.5345325930578734,1.0,15.0,16.0,-0.4654674069421266,-0.37397619833437634,1.309866509456977,-0.02709592620555926,-0.07076288729713531,1.5210358873020173
JONAS JOHANSSON,T.B,19,1101.4333333333334,0.9742599363132446,T.B,T.B,2025-04-18 09:32:48,T.B,53.99564378285145,58,552,832,-4.004356217148548,1.0183780309548212,964.6333333333332,0.973492111548424,42.48308253399018,44,462,704,-1.5169174660098221,2.6945703816834268,63.83333333333333,0.9575,9.099381260733763,11.0,65.0,94.0,-1.9006187392662373,-1.3119778967828637,72.96666666666667,1.0,0.8111958741275133,3.0,17.0,20.0,-2.188804125872487,-2.049958914363539,0.5098602025543295,-0.24824933902175697,-0.3878883529672235,0.19269507030472008
SCOTT WEDGEWOOD,COL,19,1098.9499999999998,0.9751397556863556,COL,NSH/COL,2025-04-18 09:32:48,COL,44.958084137601745,37,447,681,7.958084137601745,12.140134634770945,933.9833333333332,0.9786249410614184,34.42965049173872,26,372,574,8.42965049173872,11.842775105054407,76.83333333333334,0.931877905801496,7.246803994425174,9.0,53.0,80.0,-1.753196005574826,-1.284398766910015,88.13333333333333,0.9778106508875738,1.327637368866525,2.0,11.0,12.0,-0.6723626311334749,-0.44512270404962573,2.240861754776687,-0.24303088162356573,-0.08422505999137656,2.2971274181578805
SCOTT WEDGEWOOD,NSH,5,257.3666666666667,0.866311360448808,COL,NSH/COL,2025-04-18 09:32:48,NSH,11.6770003439,16,131,186,-4.3229996561,-3.2367922246581298,203.9333333333333,0.8677398766044961,8.7060737469,13,111,155,-4.2939262531,-3.4308644977093703,25.85,1.0,2.101355582,3.0,15.0,24.0,-0.898644418,-0.7627072938481239,27.583333333333336,0.8213399503722084,0.500379175,0.0,5.0,5.0,0.500379175,0.5860246455989133,-0.6491800249974211,-0.14431766116575537,0.11088619044354756,-0.6124581308057889
VITEK VANECEK,S.J,18,967.9833333333332,0.9012740336121412,FLA,S.J/FLA,2025-04-18 09:32:48,S.J,53.3892048709,62,532,792,-8.610795129099998,-3.6444724964352915,777.5666666666667,0.898055822906641,38.4900977685,43,420,630,-4.5099022315,-0.6942521105637809,108.7,0.9459028281363306,13.783602734,16.0,98.0,140.0,-2.2163972659999995,-1.3247331744193787,81.71666666666667,0.8927530954115077,0.6931108034,2.0,11.0,16.0,-1.3068891966,-1.1882555605491314,-0.1313647341045429,-0.25066286233649304,-0.22483889265100163,-0.6895984227642598
VITEK VANECEK,FLA,7,415.5833333333333,1.0,FLA,S.J/FLA,2025-04-18 09:32:48,FLA,18.158561834085916,21,191,293,-2.8414381659140844,-1.1523087467491244,345.35,1.0,13.82873818956911,14,159,247,-0.17126181043088984,1.1996265376004747,39.66666666666666,1.0,2.9854789825488757,4.0,20.0,34.0,-1.0145210174511243,-0.8213897689466232,30.566666666666663,1.0,0.77455604196793,1.0,9.0,9.0,-0.22544395803206996,-0.09287006200697046,0.22699048189953203,-0.1554214196140383,-0.017572652378270714,-0.21803712199032804
ALEKSEI KOLOSOV,PHI,17,896.2166666666667,0.8931650195166515,PHI,PHI,2025-04-18 09:32:48,PHI,43.66614226987678,54,406,630,-10.33385773012322,-6.271985088257999,798.1833333333334,0.8939724851132143,34.35107063092013,42,338,538,-7.648929369079873,-4.24359463609234,51.25,0.8892423366107577,7.259482786703463,8.0,51.0,72.0,-0.7405172132965374,-0.27089978095541944,46.78333333333333,0.8838161209068011,0.7836414977989596,2.0,11.0,13.0,-1.2163585022010404,-1.0822295291880661,-0.8029628899003844,-0.05125901261616438,-0.2047768990236496,-1.1867701097193524
JAKUB DOBES,MTL,16,857.2833333333334,0.9074021804325584,MTL,MTL,2025-04-18 09:32:48,MTL,47.45866118825554,39,438,670,8.45866118825554,12.873318116470372,738.3499999999999,0.902812308946403,35.96484280710365,33,357,556,2.9648428071036506,6.530156089282023,63.46666666666667,1.0,9.354443987821098,5.0,63.0,90.0,4.354443987821098,4.959584890501606,55.46666666666667,0.965197215777262,0.884070531983628,0.0,10.0,15.0,0.884070531983628,1.0353890530918846,1.2356206128535576,0.9384408639112052,0.19591385547782836,2.435858653767772
MARCUS HOGBERG,NYI,15,723.1333333333333,0.8116126377223667,NYI,NYI,2025-04-18 09:32:48,NYI,34.376991600032134,41,334,518,-6.6230083999678655,-3.425222783212604,637.0333333333333,0.8067627751862718,27.184916730154267,32,284,444,-4.815083269845733,-2.1201529676955424,34.95,0.9803646563814868,5.999743775851341,6.0,37.0,55.0,-0.0002562241486590011,0.3878684328696931,51.150000000000006,0.8806312769010044,0.1899884193873436,1.0,8.0,8.0,-0.8100115806126564,-0.7774929459457106,-0.4011703048855125,0.07339154289368488,-0.1471153671097596,-0.6481125131908533
JOEL BLOMQVIST,PIT,15,768.4666666666667,0.8624120903785725,PIT,PIT,2025-04-18 09:32:48,PIT,41.650554305,49,425,592,-7.349445695,-3.475065265320737,648.4499999999999,0.8571900680781687,30.4966045487,39,342,477,-8.503395451300001,-5.480166631922387,64.9,1.0,9.302287744,9.0,68.0,93.0,0.30228774399999914,0.9040546485564711,55.11666666666667,0.9818883610451308,1.5650502103,0.0,12.0,19.0,1.5650502103,1.8329259902464212,-1.0369441035857472,0.17106307163712434,0.3468218989590044,-0.6575435891784052
YAROSLAV ASKAROV,S.J,13,712.4166666666667,0.9258577369606654,S.J,S.J,2025-04-18 09:32:48,S.J,40.1327060453,37,356,545,3.1327060452999973,6.865894558311339,611.6666666666667,0.924084099206849,29.5470369888,28,299,451,1.5470369887999986,4.476132049501253,48.25,0.9601990049751244,9.357992353,8.0,44.0,77.0,1.3579923530000002,1.9633628001526553,52.5,0.963302752293578,0.2487602715,0.0,10.0,11.0,0.2487602715,0.2913383634418378,0.8469630665178003,0.37150284207758216,0.055126352611172505,1.2991482479037222
LEEVI MERILAINEN,OTT,12,654.2333333333333,0.9224297967336388,OTT,OTT,2025-04-18 09:32:48,OTT,26.7599698008,22,295,426,4.7599698008,7.249211661443894,538.7166666666667,0.9273295845765436,17.7674066638,18,229,340,-0.23259333620000078,1.5287481857987721,57.6,0.9664429530201344,6.753621467,3.0,43.0,57.0,3.7536214670000003,4.190514626681508,57.91666666666667,1.0000000000000002,0.528998704,0.0,8.0,14.0,0.528998704,0.619542725841627,0.2892660978404162,0.7929192166923072,0.11722840191367646,1.3716785990031817
CAYDEN PRIMEAU,MTL,11,518.8666666666667,0.793171974522293,MTL,MTL,2025-04-18 09:32:48,MTL,32.705275958,41,250,392,-8.294724041999999,-5.252443255265703,415.9,0.7954733822123047,23.421616773,34,191,302,-10.578383227,-8.256521240316303,56.05,0.8794456066945606,8.008258429,5.0,46.0,74.0,3.0082584289999996,3.526314311416229,46.91666666666667,0.7490686535391167,0.683215838,1.0,8.0,10.0,-0.31678416200000004,-0.1998441595185999,-1.5622793231148824,0.667240811860204,-0.03781403682905322,-0.9938548275594907
JET GREAVES,CBJ,11,652.0166666666667,1.0,CBJ,CBJ,2025-04-18 09:32:48,CBJ,34.27339013752639,21,338,514,13.273390137526391,16.461538632146876,580.2,1.0,28.156977949434594,18,299,460,10.156977949434594,12.948271880776183,32.68333333333334,1.0000000000000002,2.9762022597279807,1.0,18.0,30.0,1.9762022597279807,2.168733395128051,39.13333333333334,1.0000000000000002,0.8000650708217791,0.0,6.0,8.0,0.8000650708217791,0.9370051213350409,2.450041226882561,0.4103625778872814,0.17729788177210648,3.1148132104453574
ARTURS SILOVS,VAN,10,540.6666666666667,0.9136741304041686,VAN,VAN,2025-04-18 09:32:48,VAN,23.1577464694,33,238,360,-9.8422535306,-7.688094451239401,449.4166666666667,0.9091368846931897,17.4463990424,27,201,309,-9.5536009576,-7.824081978032353,45.21666666666667,1.0,4.319970131,4.0,30.0,43.0,0.3199701309999998,0.5994298859602827,46.03333333333333,0.9583622484385844,1.295419006,2.0,6.0,7.0,-0.7045809940000001,-0.4828555986702552,-1.4804541938255176,0.11342269816010134,-0.09136478861936514,-1.4547229572518414
SEMYON VARLAMOV,NYI,10,597.7833333333333,1.0,NYI,NYI,2025-04-18 09:32:48,NYI,25.9476221012,29,262,398,-3.0523778987999997,-0.6387015157816336,513.2666666666667,1.0,20.9581757084,21,222,343,-0.04182429160000112,2.0358286714383276,25.433333333333334,1.0,3.508808828,8.0,24.0,35.0,-4.491191172000001,-4.264205608317788,59.08333333333333,1.0,0.6614580018,0.0,8.0,9.0,0.6614580018,0.7746739082085309,0.3852146619888906,-0.8068628490720366,0.1465819554900606,-0.1208535826051546
DEVON LEVI,BUF,9,478.6333333333333,0.9235271417545664,BUF,BUF,2025-04-18 09:32:48,BUF,25.4947102363,33,258,352,-7.505289763699999,-5.133743741129859,399.26666666666665,0.931523894700004,17.4932614106,25,198,272,-7.506738589400001,-5.7725739889777365,43.75,0.8744170552964691,7.416466881,8.0,52.0,71.0,-0.5835331190000002,-0.10376035335924705,35.61666666666667,0.8990323937736643,0.5022407847,0.0,7.0,8.0,0.5022407847,0.5882048905395346,-1.0922727286274412,-0.019633287421426823,0.11129873120870981,-0.9713947876467116
SPENCER MARTIN,CAR,9,411.48333333333335,0.7791277455188084,CAR,CAR,2025-04-18 09:32:48,CAR,20.6894358843,27,175,276,-6.3105641157,-4.386010005225337,329.6166666666667,0.7692936051034698,14.6920765883,19,137,217,-4.307923411699999,-2.8514494856495958,37.3,0.9523404255319148,4.894918091,6.0,30.0,46.0,-1.105081909,-0.7884286524311026,44.56666666666666,0.9398945518453428,0.8396183580000001,2.0,7.0,10.0,-1.160381642,-1.0166716057172211,-0.5395444937008689,-0.14918459549645077,-0.19237218457748106,-0.8299103875224861
VILLE HUSSO,DET,9,436.3833333333333,0.8054820648495662,ANA,DET/ANA,2025-04-18 09:32:48,DET,15.003086128,27,202,303,-11.996913872,-10.601310278024837,378.15,0.8180343236227285,12.9424066788,20,181,277,-7.057593321200001,-5.774569934089143,22.96666666666667,0.7896848137535818,1.661870739,5.0,13.0,18.0,-3.3381292609999997,-3.230622501598148,35.266666666666666,0.7406370318515926,0.1070867962,1.0,5.0,5.0,-0.8929132038,-0.874584105560692,-1.0926503966170054,-0.6112907104739803,-0.16548672554375318,-2.0059547312021446
VILLE HUSSO,ANA,4,200.48333333333332,0.834362211278352,ANA,DET/ANA,2025-04-18 09:32:48,ANA,13.190433737406526,10,134,197,3.1904337374065257,4.417422409801073,163.76666666666665,0.8391835340336492,10.186067814931098,7,114,166,3.186067814931098,4.195846255185266,27.98333333333333,0.9205043859649124,2.750061322475427,3.0,19.0,30.0,-0.2499386775245731,-0.07203664579760094,8.733333333333334,0.5927601809954752,0.2543046,0.0,1.0,1.0,0.2543046,0.2978316655347885,0.793928054764361,-0.013630602884736371,0.05635499979844322,0.8358541680481585
GEORGI ROMANOV,S.J,8,414.3666666666667,0.8892624651262608,S.J,S.J,2025-04-18 09:32:48,S.J,21.368702940188168,27,219,332,-5.631297059811832,-3.643556779746554,345.4166666666667,0.8828541001064963,14.997614421615259,21,177,267,-6.002385578384741,-4.515622680930527,38.73333333333333,0.9088775909268676,6.154650611473509,6.0,39.0,58.0,0.15465061147350934,0.5527962235012476,30.21666666666667,0.9413291796469366,0.1135328646298987,0.0,3.0,5.0,0.1135328646298987,0.13296527929757626,-0.8544353899265319,0.10459878739909925,0.025159374086566356,-0.6894251530291006
NICO DAWS,N.J,6,260.5,0.7264023795138728,N.J,N.J,2025-04-18 09:32:48,N.J,11.336765363257639,7,114,194,4.336765363257639,5.391323762111849,218.55,0.7272071872227152,7.730134129095784,7,91,154,0.7301341290957843,1.4964477768796662,26.35,0.9091431857389304,3.0053903936765876,0.0,20.0,33.0,3.0053903936765876,3.1998097154561176,15.6,0.7710049423393739,0.3152052834852675,0.0,2.0,3.0,0.3152052834852675,0.3691561795019925,0.28315429124370217,0.6054603883230243,0.06985085479098879,1.0201334669421391
DUSTIN TOKARSKI,CAR,6,355.5333333333333,1.0,CAR,CAR,2025-04-18 09:32:48,CAR,13.01638067476,13,132,207,0.016380674760000602,1.227178739588913,296.1166666666667,1.0,9.34452929606,12,104,169,-2.6554707039400007,-1.7291167478379847,29.216666666666665,1.0,2.678690694,1.0,19.0,26.0,1.6786906940000001,1.8519757451136165,30.2,1.0,0.5748388447,0.0,7.0,9.0,0.5748388447,0.6732289173341522,-0.3271793608679005,0.3504264482931845,0.12738677545434032,0.23220384406744343
JAXSON STAUBER,UTA,6,310.45,0.8631203373337658,UTA,UTA,2025-04-18 09:32:48,UTA,17.632181763,17,158,232,0.6321817629999984,2.2723467282694756,258.18333333333334,0.8631526160361063,12.4293837615,15,128,186,-2.5706162384999995,-1.3384505023156823,28.183333333333334,0.899468085106383,3.43788246,2.0,22.0,32.0,1.43788246,1.660279782370249,24.08333333333333,0.8238312428734321,0.6663289835,0.0,4.0,5.0,0.6663289835,0.7803786126948062,-0.25325842251456643,0.31415419388945326,0.14766138611271434,0.4299680464925629
DENNIS HILDEBY,TOR,6,355.2166666666667,1.0000000000000002,TOR,TOR,2025-04-18 09:32:48,TOR,16.0014182869,20,157,249,-3.9985817130999983,-2.510112162277359,302.8,1.0,12.8256194269,16,127,211,-3.1743805731000005,-1.9029346907935274,23.066666666666663,1.0,1.971348395,2.0,18.0,23.0,-0.02865160500000008,0.09887532752546191,29.35,1.0,0.42090449399999996,1.0,8.0,9.0,-0.579095506,-0.5070530124932959,-0.3600687788639237,0.018708954444998583,-0.09594336574504363,-0.47495745674056733
AKIRA SCHMID,VGK,5,237.13333333333333,0.7817152903686609,VGK,VGK,2025-04-18 09:32:48,VGK,8.732062967295894,5,90,151,3.732062967295894,4.5443290808145065,195.13333333333333,0.769807350910645,6.473899070439305,4,76,128,2.4738990704393053,3.1156780006883897,23.3,0.8576687116564417,2.035062780139726,1.0,11.0,19.0,1.035062780139726,1.1667114093248059,18.7,0.9033816425120772,0.1086363047361373,0.0,2.0,3.0,0.1086363047361373,0.12723061862470678,0.5895411852380718,0.22076235956737394,0.024074275225491926,0.8598671466766775
TRENT MINER,COL,2,91.38333333333334,0.8067981165391407,COL,COL,2025-04-18 09:32:48,COL,2.0220856418,4,33,49,-1.9779143582,-1.789817724950995,85.38333333333334,0.8412151067323482,1.9024843248,4,33,46,-2.0975156752,-1.908916140128326,2.0,1.0,0.022741027,0.0,0.0,1.0,0.022741027,0.024212148706921167,4.0,1.0,0.06864692,0.0,0.0,1.0,0.06864692,0.08039660516338826,-0.3612005744889849,0.004581365225381116,0.015212454524077613,-0.33866505546933445
NIKITA TOLOPILO,VAN,2,83.53333333333333,0.6762007555315704,VAN,VAN,2025-04-18 09:32:48,VAN,2.777306942036373,3,24,48,-0.22269305796362682,0.03565509233089026,64.51666666666667,0.6418504393964517,1.8636553662363424,2,17,36,-0.13634463376365757,0.04840565880075287,7.016666666666667,0.6369137670196671,0.8754423484206196,1.0,5.0,9.0,-0.12455765157938037,-0.06792510627174686,12.000000000000002,1.0000000000000002,0.0382092273794113,0.0,2.0,3.0,0.0382092273794113,0.04474916233999507,0.00915920369669794,-0.012852627148896647,0.008467330127985867,0.006746571817717252
OLIVIER RODRIGUE,EDM,2,77.41666666666667,0.6593328601845281,EDM,EDM,2025-04-18 09:32:48,EDM,3.6075242010879105,4,29,49,-0.3924757989120895,-0.0568999248927744,63.58333333333333,0.6626715303109257,2.896211269131758,4,27,41,-1.1037887308682421,-0.816677771946142,5.666666666666667,0.8,0.7113129319561527,0.0,2.0,8.0,0.7113129319561527,0.7573279116056838,0.0,0.0,0.0,0.0,0.0,0.0,0.0,0.0,-0.15452982674215354,0.1432997872447802,0.0,-0.010766468535526442
DREW COMMESSO,CHI,2,71.35,0.5979885458862969,CHI,CHI,2025-04-18 09:32:48,CHI,3.4882685369999997,4,26,47,-0.5117314630000003,-0.18724888218603208,57.35,0.5870010235414534,2.5497578770000002,4,19,39,-1.4502421229999998,-1.197476229542196,8.0,0.6666666666666666,0.9385106599999999,0.0,7.0,8.0,0.9385106599999999,0.9992231073359497,0.0,0.0,0.0,0.0,0.0,0.0,0.0,0.0,-0.22658360572008582,0.1890706211893368,0.0,-0.0354307883915049
MADS SOGAARD,OTT,2,91.55,0.7772746568558088,OTT,OTT,2025-04-18 09:32:48,OTT,4.7412394568,8,40,62,-3.2587605432,-2.8177252275753073,73.66666666666667,0.7943925233644861,3.0263562242,6,32,50,-2.9736437758,-2.6736311189780366,6.683333333333334,0.5923190546528804,1.419713513,2.0,7.0,10.0,-0.580286487,-0.4884449282795602,11.2,0.8135593220338982,0.2951697196,0.0,1.0,2.0,0.2951697196,0.3456913056386102,-0.5058981250384181,-0.09242238828204784,0.06541088713520929,-0.5331632697515397
MATT MURRAY,TOR,2,116.53333333333332,1.0,TOR,NSH/TOR,2025-04-18 09:32:48,TOR,4.7030821297,7,58,88,-2.2969178702999997,-1.8594319912634143,101.7,1.0,3.8988069997,6,49,77,-2.1011930003,-1.7146914255472572,5.316666666666666,1.0,0.769706632,1.0,8.0,9.0,-0.230293368,-0.18050088790240448,9.516666666666666,0.9999999999999998,0.010087034,0.0,1.0,1.0,0.010087034,0.011813542250222922,-0.3244498356734364,-0.034153948953324645,0.002235330383472772,-0.3518373014659473
JESPER WALLSTEDT,MIN,2,117.43333333333334,1.0,MIN,MIN,2025-04-18 09:32:48,MIN,4.8299008136,8,51,79,-3.1700991864,-2.7208164937262698,103.33333333333334,1.0000000000000002,3.9843627446,5,45,70,-1.0156372554000002,-0.6206542579619239,6.099999999999999,1.0,0.8212915120000001,3.0,6.0,8.0,-2.178708488,-2.1255789714212936,8.0,1.0,0.024246557,0.0,0.0,1.0,0.024246557,0.02839662536499216,-0.11743872337933665,-0.4021970004127392,0.005373141952005359,-0.514826429487347
JAKUB SKAREK,NYI,2,76.05,0.6553209823352003,NYI,NYI,2025-04-18 09:32:48,NYI,3.1098803232,5,39,51,-1.8901196768,-1.6008351843387727,67.45,0.6396396396396397,2.6446158372,4,33,45,-1.3553841628,-1.0932146874265092,2.2,0.9999999999999998,0.39883271600000003,1.0,5.0,5.0,-0.601167284,-0.5753667136942735,6.4,1.0,0.06643177,0.0,1.0,1.0,0.06643177,0.07780230756157773,-0.20685548455350491,-0.10886952190274848,0.014721567698579683,-0.30290622835137954
NIKKE KOKKO,SEA,1,29.95,0.5016750418760468,SEA,SEA,2025-04-18 09:32:48,SEA,0.7614015080000001,2,6,10,-1.238598492,-1.1677720852222793,25.95,0.484443061605476,0.578772368,2,5,9,-1.421227632,-1.3638520215446515,2.0,0.9375,0.18262914,0.0,1.0,1.0,0.18262914,0.19444345657287707,0.0,0.0,0.0,0.0,0.0,0.0,0.0,0.0,-0.25806483760296306,0.03679212865528278,0.0,-0.22096305813943812
LOUIS DOMINGUE,NYR,1,59.6,1.0,NYR,NYR,2025-04-18 09:32:48,NYR,1.8492025957,2,27,34,-0.1507974043,0.021217457611023782,57.6,1.0,1.7776395857,2,26,33,-0.22236041429999998,-0.04613714926822743,2.0,1.0,0.07156301,0.0,1.0,1.0,0.07156301,0.07619243581368979,0.0,0.0,0.0,0.0,0.0,0.0,0.0,0.0,-0.008729961715262942,0.014416951593153688,0.0,0.004014716894678402
MATT VILLALTA,UTA,1,59.766666666666666,1.0,UTA,UTA,2025-04-18 09:32:48,UTA,2.8525057096267097,3,30,45,-0.14749429037329032,0.11784893209612513,48.583333333333336,1.0,1.7846713248873114,2,22,34,-0.2153286751126886,-0.038408330623185716,4.35,1.0,1.0286393873393531,1.0,8.0,10.0,0.028639387339353117,0.09518228055648947,0.0,0.0,0.0,0.0,0.0,0.0,0.0,0.0,-0.007267533022862355,0.018010164876003702,0.0,0.02229909480108027
ERIK PORTILLO,L.A,1,57.1,0.9763465374750642,L.A,L.A,2025-04-18 09:32:48,L.A,2.9045208394,1,29,49,1.9045208394,2.174702566523282,47.1,0.971467858370574,1.8670829524,1,21,38,0.8670829524000001,1.0521730328661856,6.0,1.0,0.7928060450000001,0.0,7.0,8.0,0.7928060450000001,0.844092830868458,4.0,1.0,0.028904242,0.0,0.0,1.0,0.028904242,0.03385152504469281,0.19908968023474066,0.1597172390250861,0.006405305102951949,0.4114920503098026
YANIV PERETS,CAR,1,8.2,0.1366666666666666,CAR,CAR,2025-04-18 09:32:48,CAR,0.7841893733,1,7,9,-0.21581062669999995,-0.14286446759663263,6.333333333333333,0.131578947368421,0.3227094433,0,4,6,0.3227094433,0.35470069293934564,1.8666666666666667,0.2372881355932203,0.46147993,1.0,3.0,3.0,-0.53852007,-0.5086668385548476,0.0,0.0,0.0,0.0,0.0,0.0,0.0,0.0,0.06711562198469337,-0.09624873007630157,0.0,-0.027032474965871318
TRISTAN LENNOX,NYI,1,4.716666666666667,0.0786111111111111,NYI,NYI,2025-04-18 09:32:48,NYI,0.09392008092254389,1,2,2,-0.9060799190774561,-0.8973433697193,4.716666666666667,0.0821957595120534,0.09392008092254389,1,2,2,-0.9060799190774561,-0.896769312222523,0.0,0.0,0.0,0.0,0.0,0.0,0.0,0.0,0.0,0.0,0.0,0.0,0.0,0.0,0.0,0.0,-0.16968455761345924,0.0,0.0,-0.16979317940844896
ALES STEZKA,SEA,1,58.333333333333336,1.0,SEA,SEA,2025-04-18 09:32:48,SEA,2.4541615974999997,3,23,42,-0.5458384025000003,-0.3175495880223749,56.333333333333336,1.0,2.3229161685,2,21,40,0.32291616849999993,0.5531944965149389,0.0,0.0,0.0,0.0,0.0,0.0,0.0,0.0,2.0,1.0,0.131245429,1.0,2.0,2.0,-0.868754571,-0.8462904536021062,0.10467414767204403,0.0,-0.16013306797493743,-0.06008597822150097
CLAY STEVENSON,WSH,1,60.0,1.0,WSH,WSH,2025-04-18 09:32:48,WSH,3.7466482277959563,5,38,51,-1.2533517722040437,-0.904834428008157,53.91666666666667,1.0000000000000002,2.968939481303094,3,33,45,-0.03106051869690596,0.26326022735631804,3.0,1.0,0.6147314384579657,1.0,4.0,5.0,-0.38526856154203426,-0.3455014585416998,3.083333333333333,1.0,0.1629773080348968,1.0,1.0,1.0,-0.8370226919651031,-0.8091273099408757,0.049813474443571155,-0.06537496471880365,-0.15310114626917262,-0.17121061965141518
SEBASTIAN COSSA,DET,1,45.0,0.6946231026498585,DET,DET,2025-04-18 09:32:48,DET,1.7817997463,2,14,23,-0.21820025370000007,-0.05245527906845049,37.0,0.6753878916945544,1.451163281,2,12,19,-0.5488367190000001,-0.40497812498059504,4.0,1.0,0.32646297,0.0,1.0,3.0,0.32646297,0.3475819265745186,4.0,0.6666666666666666,0.0041734953,0.0,1.0,1.0,0.0041734953,0.0048878355181172966,-0.07662899816470166,0.06576862593464397,0.000924864618218875,-0.009925463217693076
HUNTER SHEPARD,WSH,1,60.0,1.0,WSH,WSH,2025-04-18 09:32:48,WSH,3.7799110711785016,7,26,38,-3.2200889288214984,-2.8684774383030174,52.266666666666666,1.0,3.4996805266709985,7,24,34,-3.5003194733290015,-3.1533846199766993,3.8666666666666663,1.0,0.2802305445075033,0.0,2.0,4.0,0.2802305445075033,0.2983587159822272,0.0,0.0,0.0,0.0,0.0,0.0,0.0,0.0,-0.596675942110136,0.05645472703129417,0.0,-0.5427664824260382
KAAPO KAHKONEN,COL,1,58.266666666666666,1.0,WPG,COL/WPG,2025-04-18 09:32:48,COL,2.231743756,4,20,33,-1.7682562439999998,-1.5606569820793172,44.8,1.0,1.79861393,4,17,27,-2.20138607,-2.0230835491594688,6.85,1.0,0.317613484,0.0,2.0,4.0,0.317613484,0.33815996550777266,6.616666666666667,1.0000000000000002,0.115516342,0.0,1.0,2.0,0.115516342,0.13528825091778224,-0.38280306024679067,0.06398582485785455,0.025598921254774386,-0.29530380442453574
VICTOR OSTMAN,SEA,1,20.0,0.3370786516853932,SEA,SEA,2025-04-18 09:32:48,SEA,1.4038817640393966,0,12,15,1.4038817640393966,1.5344723917738488,19.616666666666667,0.4176721078779276,1.4038817640393966,0,12,15,1.4038817640393966,1.5430531856074907,0.0,0.0,0.0,0.0,0.0,0.0,0.0,0.0,0.0,0.0,0.0,0.0,0.0,0.0,0.0,0.0,0.29197285590084443,0.0,0.0,0.2903492184884253
PHEONIX COPLEY,L.A,1,27.48333333333333,0.4592035644667224,L.A,L.A,2025-04-18 09:32:48,L.A,0.9555915651,2,12,12,-1.0444084349,-0.9555182551564481,19.03333333333333,0.4096126255380201,0.2632945577,0,6,6,0.2632945577,0.2893958141055382,2.45,0.4140845070422535,0.5536834399999999,2.0,4.0,4.0,-1.44631656,-1.4104986645572488,6.0,0.8035714285714286,0.1386135674,0.0,2.0,2.0,0.1386135674,0.16233882377456274,0.05475878804325103,-0.26689120451345505,0.03071736635077972,-0.18080089294756554
BRANDON HALVERSON,T.B,1,57.95,1.0,T.B,T.B,2025-04-18 09:32:48,T.B,3.0435103926,5,24,33,-1.9564896074,-1.6733789189739556,52.56666666666666,1.0,2.8523168461,5,20,29,-2.1476831539,-1.8649235936559938,2.0,1.0,0.16662298,0.0,2.0,2.0,0.16662298,0.17740185479531562,3.3833333333333337,1.0000000000000002,0.024570566500000002,0.0,2.0,2.0,0.024570566500000002,0.02877609270075445,-0.3528764094169815,0.03356755727528811,0.00544494385927402,-0.3166327813805991
